time,temperature,humidity,pressure,people
2020-07-07 12:40:00+00:00,29.45,45.5,1019.5,0.0
2020-07-07 12:50:00+00:00,29.45,45.3,1019.5,0.0
2020-07-07 13:00:00+00:00,29.5,45.0,1019.5,0.0
2020-07-07 13:10:00+00:00,29.6,44.8,1019.5,0.0
2020-07-07 13:20:00+00:00,29.6,44.8,1019.5,0.0
2020-07-07 13:30:00+00:00,29.7,44.5,1019.5,0.0
2020-07-07 13:40:00+00:00,29.7,44.3,1019.5,0.0
2020-07-07 13:50:00+00:00,29.75,44.05,1019.5,0.0
2020-07-07 14:00:00+00:00,29.9,43.8,1019.5,0.0
2020-07-07 14:10:00+00:00,29.85,43.6,1019.5,0.0
2020-07-07 14:20:00+00:00,30.0,43.6,1019.5,0.0
2020-07-07 14:30:00+00:00,30.7,43.1,1019.375,0.0
2020-07-07 14:40:00+00:00,30.6,42.5,1019.5,0.0
2020-07-07 14:50:00+00:00,30.4,42.5,1019.5600000000001,0.0
2020-07-07 15:00:00+00:00,30.3,42.0,1019.5600000000001,0.0
2020-07-07 15:10:00+00:00,30.4,41.2,1019.5600000000001,0.0
2020-07-07 15:20:00+00:00,30.4,41.1,1019.5600000000001,0.0
2020-07-07 15:30:00+00:00,30.35,40.8,1019.5600000000001,0.0
2020-07-07 15:40:00+00:00,30.5,40.849999999999994,1019.5600000000001,0.0
2020-07-07 15:50:00+00:00,30.45,40.1,1019.5600000000001,0.0
2020-07-07 16:00:00+00:00,30.6,39.4,1019.5600000000001,0.0
2020-07-07 16:10:00+00:00,30.6,38.9,1019.5600000000001,0.0
2020-07-07 16:20:00+00:00,30.55,38.8,1019.5600000000001,0.0
2020-07-07 16:30:00+00:00,30.55,38.5,1019.5600000000001,0.0
2020-07-07 16:40:00+00:00,30.65,37.8,1019.5600000000001,0.0
2020-07-07 16:50:00+00:00,30.65,36.9,1019.5600000000001,0.0
2020-07-07 17:00:00+00:00,30.65,36.7,1019.5600000000001,0.0
2020-07-07 17:10:00+00:00,30.65,36.1,1019.5600000000001,0.0
2020-07-07 17:20:00+00:00,30.65,35.9,1019.5600000000001,0.0
2020-07-07 17:30:00+00:00,30.65,35.8,1019.5600000000001,0.0
2020-07-07 17:40:00+00:00,30.7,35.6,1019.5600000000001,0.0
2020-07-07 17:50:00+00:00,30.65,35.3,1019.5600000000001,0.0
2020-07-07 18:00:00+00:00,30.6,35.2,1019.5600000000001,0.0
2020-07-07 18:10:00+00:00,30.7,35.3,1019.5600000000001,0.0
2020-07-07 18:20:00+00:00,30.65,35.3,1019.5600000000001,0.0
2020-07-07 18:30:00+00:00,30.65,35.6,1019.5600000000001,0.0
2020-07-07 18:40:00+00:00,30.6,35.7,1019.5600000000001,0.0
2020-07-07 18:50:00+00:00,30.7,35.7,1019.5600000000001,0.0
2020-07-07 19:00:00+00:00,30.6,35.8,1019.5600000000001,1.0
2020-07-07 19:10:00+00:00,30.7,36.2,1019.5600000000001,0.0
2020-07-07 19:20:00+00:00,31.0,36.2,1019.6666666666666,1.0
2020-07-07 19:30:00+00:00,31.0,36.4,1019.5,1.0
2020-07-07 19:40:00+00:00,30.8,37.5,1020.5,1.0
2020-07-07 19:50:00+00:00,30.6,38.0,1020.5,1.0
2020-07-07 20:00:00+00:00,30.5,38.3,1020.5,1.0
2020-07-07 20:10:00+00:00,30.3,38.6,1020.5,0.0
2020-07-07 20:20:00+00:00,30.2,38.9,1020.5,1.0
2020-07-07 20:30:00+00:00,30.0,39.0,1020.5,0.0
2020-07-07 20:40:00+00:00,29.9,39.2,1020.5,1.0
2020-07-07 20:50:00+00:00,29.8,39.3,1020.5,1.0
2020-07-07 21:00:00+00:00,29.9,39.5,1020.6111111111112,1.0
2020-07-07 21:10:00+00:00,29.9,39.1,1020.5,1.0
2020-07-07 21:20:00+00:00,29.6,39.3,1021.5,0.0
2020-07-07 21:30:00+00:00,29.4,39.4,1021.5,0.0
2020-07-07 21:40:00+00:00,29.2,39.3,1021.5,1.0
2020-07-07 21:50:00+00:00,29.1,39.3,1021.5,1.0
2020-07-07 22:00:00+00:00,28.9,39.4,1021.5,1.0
2020-07-07 22:10:00+00:00,28.8,39.6,1021.5,1.0
2020-07-07 22:20:00+00:00,28.7,39.7,1021.5,1.0
2020-07-07 22:30:00+00:00,28.55,40.0,1021.5,1.0
2020-07-07 22:40:00+00:00,28.5,39.95,1021.5,1.0
2020-07-07 22:50:00+00:00,28.4,40.05,1021.5,1.0
2020-07-07 23:00:00+00:00,28.3,40.1,1021.5,1.0
2020-07-07 23:10:00+00:00,28.2,40.2,1021.5,1.0
2020-07-07 23:20:00+00:00,28.0,40.2,1021.5,1.0
2020-07-07 23:30:00+00:00,27.9,40.5,1021.5,1.0
2020-07-07 23:40:00+00:00,27.8,40.7,1021.5,1.0
2020-07-07 23:50:00+00:00,27.6,41.0,1021.5,1.0
2020-07-08 00:00:00+00:00,27.5,41.0,1021.5,1.0
2020-07-08 00:10:00+00:00,27.3,41.2,1021.5,1.0
2020-07-08 00:20:00+00:00,27.3,41.2,1021.5,1.0
2020-07-08 00:30:00+00:00,27.2,41.3,1021.5,1.0
2020-07-08 00:40:00+00:00,27.0,41.5,1021.5,1.0
2020-07-08 00:50:00+00:00,26.9,41.6,1021.5,1.0
2020-07-08 01:00:00+00:00,26.8,41.7,1021.5,1.0
2020-07-08 01:10:00+00:00,26.7,41.9,1021.5,1.0
2020-07-08 01:20:00+00:00,26.6,42.1,1021.5,1.0
2020-07-08 01:30:00+00:00,26.6,42.2,1021.5,1.0
2020-07-08 01:40:00+00:00,26.5,42.3,1021.5,1.0
2020-07-08 01:50:00+00:00,26.4,42.4,1021.5,1.0
2020-07-08 02:00:00+00:00,26.5,43.2,1021.5,1.0
2020-07-08 02:10:00+00:00,26.7,43.4,1021.5,1.0
2020-07-08 02:20:00+00:00,26.9,43.3,1021.5,1.0
2020-07-08 02:30:00+00:00,27.0,43.3,1021.5,1.0
2020-07-08 02:40:00+00:00,27.1,43.2,1021.5,1.0
2020-07-08 02:50:00+00:00,27.25,43.1,1021.5,1.0
2020-07-08 03:00:00+00:00,27.3,43.0,1021.5,1.0
2020-07-08 03:10:00+00:00,27.4,43.2,1021.5,1.0
2020-07-08 03:20:00+00:00,27.35,43.3,1021.5,1.0
2020-07-08 03:30:00+00:00,27.45,43.4,1021.5,1.0
2020-07-08 03:40:00+00:00,27.5,43.4,1021.5,1.0
2020-07-08 03:50:00+00:00,27.45,43.0,1021.5,1.0
2020-07-08 04:00:00+00:00,27.45,42.650000000000006,1021.5,1.0
2020-07-08 04:10:00+00:00,27.45,42.4,1021.5,1.0
2020-07-08 04:20:00+00:00,27.45,42.3,1021.5,1.0
2020-07-08 04:30:00+00:00,27.45,42.25,1021.5,1.0
2020-07-08 04:40:00+00:00,27.4,42.3,1021.5,1.0
2020-07-08 04:50:00+00:00,27.45,42.3,1021.5,1.0
2020-07-08 05:00:00+00:00,27.5,42.2,1021.5,0.0
2020-07-08 05:10:00+00:00,27.4,42.2,1021.5,1.0
2020-07-08 05:20:00+00:00,27.4,42.2,1021.5,1.0
2020-07-08 05:30:00+00:00,27.4,42.3,1021.5,1.0
2020-07-08 05:40:00+00:00,27.35,42.3,1021.5,1.0
2020-07-08 05:50:00+00:00,27.5,42.4,1021.5600000000001,1.0
2020-07-08 06:00:00+00:00,28.0,42.1,1021.5102040816327,0.0
2020-07-08 06:10:00+00:00,28.0,41.8,1021.4400000000002,1.0
2020-07-08 06:20:00+00:00,28.0,41.6,1021.5625,1.0
2020-07-08 06:30:00+00:00,27.9,41.5,1021.5,0.0
2020-07-08 06:40:00+00:00,27.6,41.7,1021.5,0.0
2020-07-08 06:50:00+00:00,27.4,42.0,1021.5,1.0
2020-07-08 07:00:00+00:00,27.3,42.2,1021.5,1.0
2020-07-08 07:10:00+00:00,27.25,42.3,1021.5,0.0
2020-07-08 07:20:00+00:00,27.15,42.5,1021.5,1.0
2020-07-08 07:30:00+00:00,27.15,42.7,1021.5,1.0
2020-07-08 07:40:00+00:00,27.15,42.8,1021.5,1.0
2020-07-08 07:50:00+00:00,27.15,42.95,1021.5,1.0
2020-07-08 08:00:00+00:00,27.2,43.0,1021.5,0.0
2020-07-08 08:10:00+00:00,27.25,43.0,1021.5,0.0
2020-07-08 08:20:00+00:00,27.3,43.0,1021.5,0.0
2020-07-08 08:30:00+00:00,27.35,43.1,1021.5,0.0
2020-07-08 08:40:00+00:00,27.4,43.0,1021.5,0.0
2020-07-08 08:50:00+00:00,27.45,42.6,1021.5,0.0
2020-07-08 09:00:00+00:00,27.5,42.3,1021.5,1.0
2020-07-08 09:10:00+00:00,27.5,42.349999999999994,1021.5,1.0
2020-07-08 09:20:00+00:00,27.55,42.7,1021.5,1.0
2020-07-08 09:30:00+00:00,27.65,42.9,1021.5,1.0
2020-07-08 09:40:00+00:00,27.7,43.0,1021.5,1.0
2020-07-08 09:50:00+00:00,27.9,43.2,1021.5,1.0
2020-07-08 10:00:00+00:00,28.3,43.0,1021.4799999999999,1.0
2020-07-08 10:10:00+00:00,28.3,42.9,1021.5,0.0
2020-07-08 10:20:00+00:00,28.1,43.3,1020.5,0.0
2020-07-08 10:30:00+00:00,28.0,43.1,1020.5,0.0
2020-07-08 10:40:00+00:00,28.1,42.9,1020.5,0.0
2020-07-08 10:50:00+00:00,28.2,42.5,1020.5,0.0
2020-07-08 11:00:00+00:00,28.2,41.8,1020.5,0.0
2020-07-08 11:10:00+00:00,28.2,41.6,1020.5,0.0
2020-07-08 11:20:00+00:00,28.25,41.4,1020.5,0.0
2020-07-08 11:30:00+00:00,28.4,41.2,1020.5,0.0
2020-07-08 11:40:00+00:00,28.5,41.0,1020.5,0.0
2020-07-08 11:50:00+00:00,28.5,41.0,1020.5,0.0
2020-07-08 12:00:00+00:00,28.7,40.849999999999994,1020.5,0.0
2020-07-08 12:10:00+00:00,28.7,40.8,1020.5,0.0
2020-07-08 12:20:00+00:00,28.8,40.8,1020.5,0.0
2020-07-08 12:30:00+00:00,28.9,40.9,1020.5,0.0
2020-07-08 12:40:00+00:00,29.0,40.7,1020.5,0.0
2020-07-08 12:50:00+00:00,29.1,40.6,1020.3333333333334,0.0
2020-07-08 13:00:00+00:00,29.5,40.2,1020.5,0.0
2020-07-08 13:10:00+00:00,29.55,40.0,1019.5,0.0
2020-07-08 13:20:00+00:00,29.55,40.0,1019.5,0.0
2020-07-08 13:30:00+00:00,29.6,40.0,1019.5,0.0
2020-07-08 13:40:00+00:00,29.7,39.9,1019.5,0.0
2020-07-08 13:50:00+00:00,29.8,39.9,1019.5,0.0
2020-07-08 14:00:00+00:00,29.75,40.0,1019.5,0.0
2020-07-08 14:10:00+00:00,29.9,40.1,1019.5,0.0
2020-07-08 14:20:00+00:00,30.0,40.0,1019.5,0.0
2020-07-08 14:30:00+00:00,30.1,39.9,1019.5,0.0
2020-07-08 14:40:00+00:00,30.2,39.9,1019.5,0.0
2020-07-08 14:50:00+00:00,30.4,39.7,1019.46875,0.0
2020-07-08 15:00:00+00:00,30.9,39.6,1019.5,0.0
2020-07-08 15:10:00+00:00,31.3,39.0,1019.5,0.0
2020-07-08 15:20:00+00:00,31.3,38.5,1019.5,0.0
2020-07-08 15:30:00+00:00,31.0,38.9,1019.0,0.0
2020-07-08 15:40:00+00:00,30.95,39.2,1019.0,0.0
2020-07-08 15:50:00+00:00,31.0,39.4,1019.0,0.0
2020-07-08 16:00:00+00:00,31.0,39.5,1019.0,0.0
2020-07-08 16:10:00+00:00,31.0,39.7,1019.0,0.0
2020-07-08 16:20:00+00:00,31.0,39.7,1019.0,0.0
2020-07-08 16:30:00+00:00,30.95,39.6,1019.0,0.0
2020-07-08 16:40:00+00:00,31.05,39.7,1019.0,0.0
2020-07-08 16:50:00+00:00,31.1,39.8,1019.0,0.0
2020-07-08 17:00:00+00:00,31.1,39.7,1019.0,0.0
2020-07-08 17:10:00+00:00,31.15,39.6,1019.0,0.0
2020-07-08 17:20:00+00:00,31.1,39.25,1019.0,0.0
2020-07-08 17:30:00+00:00,31.2,39.2,1019.5,0.0
2020-07-08 17:40:00+00:00,31.15,39.0,1019.5,0.0
2020-07-08 17:50:00+00:00,31.15,38.8,1019.5,0.0
2020-07-08 18:00:00+00:00,31.15,38.4,1019.5,0.0
2020-07-08 18:10:00+00:00,31.15,38.2,1019.5,0.0
2020-07-08 18:20:00+00:00,31.15,38.0,1019.5,0.0
2020-07-08 18:30:00+00:00,31.1,37.6,1019.5,0.0
2020-07-08 18:40:00+00:00,31.15,37.3,1019.5,0.0
2020-07-08 18:50:00+00:00,31.05,37.1,1019.5,0.0
2020-07-08 19:00:00+00:00,31.05,37.0,1019.5,0.0
2020-07-08 19:10:00+00:00,31.05,36.8,1019.5,1.0
2020-07-08 19:20:00+00:00,31.05,36.6,1019.5,0.0
2020-07-08 19:30:00+00:00,31.1,36.4,1019.625,0.0
2020-07-08 19:40:00+00:00,31.2,36.3,1019.4444444444445,1.0
2020-07-08 19:50:00+00:00,31.2,36.0,1020.5,1.0
2020-07-08 20:00:00+00:00,31.1,36.2,1020.5,1.0
2020-07-08 20:10:00+00:00,30.9,36.4,1020.5,1.0
2020-07-08 20:20:00+00:00,30.8,36.7,1020.5,1.0
2020-07-08 20:30:00+00:00,30.8,37.0,1020.5,1.0
2020-07-08 20:40:00+00:00,30.7,37.2,1020.5,1.0
2020-07-08 20:50:00+00:00,30.6,37.3,1020.5,0.0
2020-07-08 21:00:00+00:00,30.6,37.4,1020.5,1.0
2020-07-08 21:10:00+00:00,30.6,37.5,1020.5,0.0
2020-07-08 21:20:00+00:00,30.5,37.5,1020.5,0.0
2020-07-08 21:30:00+00:00,30.45,37.5,1020.5,1.0
2020-07-08 21:40:00+00:00,30.4,37.6,1020.5,1.0
2020-07-08 21:50:00+00:00,30.45,37.8,1020.5,1.0
2020-07-08 22:00:00+00:00,30.3,38.3,1020.5,1.0
2020-07-08 22:10:00+00:00,30.0,39.6,1020.5,1.0
2020-07-08 22:20:00+00:00,29.9,39.9,1020.5,1.0
2020-07-08 22:30:00+00:00,29.9,40.0,1020.4444444444445,1.0
2020-07-08 22:40:00+00:00,29.8,39.9,1020.5,1.0
2020-07-08 22:50:00+00:00,29.7,40.2,1020.5,1.0
2020-07-08 23:00:00+00:00,29.7,40.4,1020.5714285714286,1.0
2020-07-08 23:10:00+00:00,29.9,40.2,1020.46875,1.0
2020-07-08 23:20:00+00:00,29.9,40.8,1020.5,1.0
2020-07-08 23:30:00+00:00,30.1,40.7,1020.54,1.0
2020-07-08 23:40:00+00:00,30.0,40.8,1020.5,1.0
2020-07-08 23:50:00+00:00,29.8,41.2,1020.5,1.0
2020-07-09 00:00:00+00:00,29.7,41.4,1020.5,1.0
2020-07-09 00:10:00+00:00,29.6,41.6,1020.5,1.0
2020-07-09 00:20:00+00:00,29.55,41.8,1020.5,1.0
2020-07-09 00:30:00+00:00,29.45,42.1,1020.5,1.0
2020-07-09 00:40:00+00:00,29.4,42.2,1020.5,1.0
2020-07-09 00:50:00+00:00,29.35,42.3,1020.5,1.0
2020-07-09 01:00:00+00:00,29.35,42.349999999999994,1020.5,1.0
2020-07-09 01:10:00+00:00,29.3,42.5,1020.5,1.0
2020-07-09 01:20:00+00:00,29.2,42.6,1020.5,1.0
2020-07-09 01:30:00+00:00,29.25,42.7,1020.5,1.0
2020-07-09 01:40:00+00:00,29.2,43.0,1020.5,1.0
2020-07-09 01:50:00+00:00,29.5,42.8,1020.5,1.0
2020-07-09 02:00:00+00:00,29.4,42.6,1020.5,1.0
2020-07-09 02:10:00+00:00,29.2,43.0,1020.5,1.0
2020-07-09 02:20:00+00:00,29.0,43.2,1020.5,1.0
2020-07-09 02:30:00+00:00,28.9,43.3,1020.5,1.0
2020-07-09 02:40:00+00:00,28.95,43.4,1020.5,1.0
2020-07-09 02:50:00+00:00,28.8,43.5,1020.5,1.0
2020-07-09 03:00:00+00:00,28.85,43.650000000000006,1020.5,1.0
2020-07-09 03:10:00+00:00,28.7,43.7,1020.5,1.0
2020-07-09 03:20:00+00:00,28.75,43.8,1020.5,1.0
2020-07-09 03:30:00+00:00,28.8,43.7,1020.5,1.0
2020-07-09 03:40:00+00:00,28.85,43.5,1020.5,1.0
2020-07-09 03:50:00+00:00,28.9,43.4,1020.5,1.0
2020-07-09 04:00:00+00:00,29.2,43.0,1020.5612244897959,1.0
2020-07-09 04:10:00+00:00,29.2,42.7,1020.5,0.0
2020-07-09 04:20:00+00:00,28.8,42.9,1021.5,0.0
2020-07-09 04:30:00+00:00,28.5,43.3,1021.5,0.0
2020-07-09 04:40:00+00:00,28.3,43.6,1021.5,0.0
2020-07-09 04:50:00+00:00,28.1,43.9,1021.5,0.0
2020-07-09 05:00:00+00:00,28.0,44.2,1021.5,0.0
2020-07-09 05:10:00+00:00,27.9,44.5,1021.5,0.0
2020-07-09 05:20:00+00:00,27.8,44.8,1021.5,0.0
2020-07-09 05:30:00+00:00,27.85,45.0,1021.5,0.0
2020-07-09 05:40:00+00:00,27.75,45.3,1021.5,0.0
2020-07-09 05:50:00+00:00,27.7,45.5,1021.5,0.0
2020-07-09 06:00:00+00:00,27.7,45.6,1021.5,0.0
2020-07-09 06:10:00+00:00,27.9,45.7,1021.5,0.0
2020-07-09 06:20:00+00:00,28.05,45.4,1021.4444444444445,0.0
2020-07-09 06:30:00+00:00,28.1,45.4,1021.5,0.0
2020-07-09 06:40:00+00:00,27.9,45.5,1021.5,0.0
2020-07-09 06:50:00+00:00,27.7,45.6,1021.5,0.0
2020-07-09 07:00:00+00:00,27.75,45.8,1021.5,0.0
2020-07-09 07:10:00+00:00,27.6,45.8,1021.5,0.0
2020-07-09 07:20:00+00:00,27.7,45.849999999999994,1021.5,0.0
2020-07-09 07:30:00+00:00,27.8,45.8,1021.5,0.0
2020-07-09 07:40:00+00:00,27.8,45.6,1021.5,0.0
2020-07-09 07:50:00+00:00,27.8,45.4,1021.5,0.0
2020-07-09 08:00:00+00:00,27.85,45.3,1021.5,0.0
2020-07-09 08:10:00+00:00,27.9,45.3,1021.5,0.0
2020-07-09 08:20:00+00:00,28.0,45.2,1021.5,0.0
2020-07-09 08:30:00+00:00,27.95,45.150000000000006,1021.5,0.0
2020-07-09 08:40:00+00:00,28.1,45.2,1021.5,0.0
2020-07-09 08:50:00+00:00,28.15,45.0,1021.5,0.0
2020-07-09 09:00:00+00:00,28.15,44.8,1020.5,0.0
2020-07-09 09:10:00+00:00,28.2,44.7,1020.5,0.0
2020-07-09 09:20:00+00:00,28.3,44.650000000000006,1020.5,0.0
2020-07-09 09:30:00+00:00,28.4,44.650000000000006,1020.5,0.0
2020-07-09 09:40:00+00:00,28.45,44.650000000000006,1020.5,0.0
2020-07-09 09:50:00+00:00,28.5,44.4,1020.5,0.0
2020-07-09 10:00:00+00:00,28.6,44.2,1020.5,0.0
2020-07-09 10:10:00+00:00,28.8,43.9,1020.5,0.0
2020-07-09 10:20:00+00:00,28.85,43.6,1020.5,0.0
2020-07-09 10:30:00+00:00,28.95,43.5,1020.5,0.0
2020-07-09 10:40:00+00:00,29.0,43.4,1020.5,0.0
2020-07-09 10:50:00+00:00,29.2,43.3,1020.5,0.0
2020-07-09 11:00:00+00:00,29.4,43.1,1020.5,0.0
2020-07-09 11:10:00+00:00,29.4,42.9,1020.5,0.0
2020-07-09 11:20:00+00:00,29.5,42.9,1020.5,0.0
2020-07-09 11:30:00+00:00,29.6,42.8,1020.5,0.0
2020-07-09 11:40:00+00:00,29.7,42.7,1020.5,0.0
2020-07-09 11:50:00+00:00,29.8,42.6,1020.5,0.0
2020-07-09 12:00:00+00:00,30.1,42.7,1020.375,1.0
2020-07-09 12:10:00+00:00,30.7,42.2,1020.5,1.0
2020-07-09 12:20:00+00:00,30.65,41.9,1020.0,0.0
2020-07-09 12:30:00+00:00,30.65,42.3,1020.0,0.0
2020-07-09 12:40:00+00:00,30.65,42.3,1019.5,1.0
2020-07-09 12:50:00+00:00,30.65,42.4,1019.5,0.0
2020-07-09 13:00:00+00:00,30.65,42.7,1019.5,1.0
2020-07-09 13:10:00+00:00,30.7,42.8,1019.5,0.0
2020-07-09 13:20:00+00:00,30.8,41.9,1019.5,1.0
2020-07-09 13:30:00+00:00,31.0,41.4,1019.5,1.0
2020-07-09 13:40:00+00:00,31.05,41.4,1019.5,1.0
2020-07-09 13:50:00+00:00,31.1,41.3,1019.5,1.0
2020-07-09 14:00:00+00:00,31.05,41.2,1019.5,0.0
2020-07-09 14:10:00+00:00,31.4,41.3,1019.4799999999999,0.0
2020-07-09 14:20:00+00:00,31.9,40.349999999999994,1019.5,0.0
2020-07-09 14:30:00+00:00,31.8,39.95,1018.5,1.0
2020-07-09 14:40:00+00:00,31.6,40.0,1018.5,0.0
2020-07-09 14:50:00+00:00,31.55,40.1,1018.5,1.0
2020-07-09 15:00:00+00:00,31.55,40.1,1018.5,1.0
2020-07-09 15:10:00+00:00,31.65,40.2,1018.5,0.0
2020-07-09 15:20:00+00:00,31.7,40.3,1018.5,1.0
2020-07-09 15:30:00+00:00,31.8,40.25,1018.5,0.0
2020-07-09 15:40:00+00:00,32.0,40.3,1018.4,1.0
2020-07-09 15:50:00+00:00,32.9,39.5,1018.5,1.0
2020-07-09 16:00:00+00:00,32.6,39.2,1019.0,0.0
2020-07-09 16:10:00+00:00,32.4,39.5,1018.0,1.0
2020-07-09 16:20:00+00:00,32.3,39.8,1018.5,1.0
2020-07-09 16:30:00+00:00,32.4,40.0,1018.5,1.0
2020-07-09 16:40:00+00:00,32.349999999999994,40.0,1018.5,1.0
2020-07-09 16:50:00+00:00,32.349999999999994,39.9,1018.5,1.0
2020-07-09 17:00:00+00:00,32.349999999999994,39.9,1018.5,1.0
2020-07-09 17:10:00+00:00,32.5,40.0,1018.5,1.0
2020-07-09 17:20:00+00:00,32.5,40.0,1018.5,1.0
2020-07-09 17:30:00+00:00,32.6,40.1,1018.5,0.0
2020-07-09 17:40:00+00:00,32.55,40.2,1018.5,1.0
2020-07-09 17:50:00+00:00,32.55,40.2,1018.5,1.0
2020-07-09 18:00:00+00:00,32.55,40.1,1018.5,1.0
2020-07-09 18:10:00+00:00,32.55,40.1,1018.5,1.0
2020-07-09 18:20:00+00:00,32.55,40.5,1018.5,0.0
2020-07-09 18:30:00+00:00,32.7,40.7,1018.64,1.0
2020-07-09 18:40:00+00:00,33.2,39.7,1018.5,0.0
2020-07-09 18:50:00+00:00,33.1,39.0,1018.5,1.0
2020-07-09 19:00:00+00:00,32.8,38.6,1018.5,1.0
2020-07-09 19:10:00+00:00,32.6,38.4,1018.5,1.0
2020-07-09 19:20:00+00:00,32.5,38.3,1019.5,1.0
2020-07-09 19:30:00+00:00,32.3,38.2,1019.5,1.0
2020-07-09 19:40:00+00:00,32.349999999999994,38.150000000000006,1019.5,0.0
2020-07-09 19:50:00+00:00,32.2,38.150000000000006,1019.5,1.0
2020-07-09 20:00:00+00:00,32.150000000000006,38.3,1019.5,0.0
2020-07-09 20:10:00+00:00,32.1,39.0,1019.5,0.0
2020-07-09 20:20:00+00:00,32.150000000000006,39.3,1019.5,0.0
2020-07-09 20:30:00+00:00,32.0,39.5,1019.5,0.0
2020-07-09 20:40:00+00:00,32.1,39.8,1019.5,0.0
2020-07-09 20:50:00+00:00,32.1,40.650000000000006,1019.5,0.0
2020-07-09 21:00:00+00:00,32.1,41.1,1019.5,1.0
2020-07-09 21:10:00+00:00,32.05,41.2,1019.5,0.0
2020-07-09 21:20:00+00:00,32.05,41.4,1019.5,0.0
2020-07-09 21:30:00+00:00,32.0,41.4,1019.5,0.0
2020-07-09 21:40:00+00:00,32.0,41.8,1019.5,1.0
2020-07-09 21:50:00+00:00,31.9,42.2,1019.5,1.0
2020-07-09 22:00:00+00:00,31.8,42.5,1019.5,1.0
2020-07-09 22:10:00+00:00,31.6,42.7,1019.5,1.0
2020-07-09 22:20:00+00:00,31.6,42.9,1019.5,1.0
2020-07-09 22:30:00+00:00,31.5,43.0,1019.5,1.0
2020-07-09 22:40:00+00:00,31.6,43.1,1019.5,1.0
2020-07-09 22:50:00+00:00,31.55,43.0,1018.5,1.0
2020-07-09 23:00:00+00:00,31.7,43.0,1018.5,1.0
2020-07-09 23:10:00+00:00,31.75,42.8,1018.5,1.0
2020-07-09 23:20:00+00:00,31.8,42.849999999999994,1018.5,1.0
2020-07-09 23:30:00+00:00,31.75,42.9,1018.5,1.0
2020-07-09 23:40:00+00:00,31.75,43.1,1018.5,1.0
2020-07-09 23:50:00+00:00,31.75,43.0,1018.5,1.0
2020-07-10 00:00:00+00:00,31.75,43.3,1018.5,1.0
2020-07-10 00:10:00+00:00,31.75,43.1,1018.5,1.0
2020-07-10 00:20:00+00:00,31.7,43.0,1018.5,1.0
2020-07-10 00:30:00+00:00,31.6,43.2,1018.5,1.0
2020-07-10 00:40:00+00:00,31.65,43.4,1018.5,1.0
2020-07-10 00:50:00+00:00,31.55,43.5,1018.5,1.0
2020-07-10 01:00:00+00:00,31.5,43.4,1018.5,1.0
2020-07-10 01:10:00+00:00,31.55,43.7,1018.5,1.0
2020-07-10 01:20:00+00:00,31.4,43.9,1018.5,1.0
2020-07-10 01:30:00+00:00,31.45,44.2,1018.5,1.0
2020-07-10 01:40:00+00:00,31.3,44.5,1018.5,1.0
2020-07-10 01:50:00+00:00,31.3,44.9,1018.5,1.0
2020-07-10 02:00:00+00:00,31.2,45.3,1018.5,1.0
2020-07-10 02:10:00+00:00,31.2,45.2,1018.5,1.0
2020-07-10 02:20:00+00:00,31.15,45.2,1018.5,1.0
2020-07-10 02:30:00+00:00,31.15,45.3,1018.5,1.0
2020-07-10 02:40:00+00:00,31.0,45.349999999999994,1018.5,1.0
2020-07-10 02:50:00+00:00,31.05,45.3,1018.5,1.0
2020-07-10 03:00:00+00:00,30.9,45.0,1018.5,1.0
2020-07-10 03:10:00+00:00,30.95,45.05,1018.5,1.0
2020-07-10 03:20:00+00:00,30.9,45.0,1018.5,1.0
2020-07-10 03:30:00+00:00,30.8,45.1,1018.5,1.0
2020-07-10 03:40:00+00:00,30.7,44.6,1018.375,1.0
2020-07-10 03:50:00+00:00,30.5,44.5,1018.375,1.0
2020-07-10 04:00:00+00:00,30.3,44.7,1018.375,1.0
2020-07-10 04:10:00+00:00,30.2,44.8,1018.375,0.0
2020-07-10 04:20:00+00:00,30.05,45.0,1018.375,0.0
2020-07-10 04:30:00+00:00,30.2,45.0,1018.5625,0.0
2020-07-10 04:40:00+00:00,30.3,44.8,1019.0,0.0
2020-07-10 04:50:00+00:00,30.0,44.8,1018.5,0.0
2020-07-10 05:00:00+00:00,29.8,45.1,1018.5,0.0
2020-07-10 05:10:00+00:00,29.7,45.5,1018.3333333333334,0.0
2020-07-10 05:20:00+00:00,29.6,45.7,1018.3333333333334,0.0
2020-07-10 05:30:00+00:00,29.5,46.1,1018.3333333333334,0.0
2020-07-10 05:40:00+00:00,29.4,46.3,1018.3333333333334,0.0
2020-07-10 05:50:00+00:00,29.3,46.6,1018.3333333333334,0.0
2020-07-10 06:00:00+00:00,29.35,46.8,1018.3333333333334,0.0
2020-07-10 06:10:00+00:00,29.35,46.9,1018.3333333333334,0.0
2020-07-10 06:20:00+00:00,29.25,47.0,1018.3333333333334,0.0
2020-07-10 06:30:00+00:00,29.25,47.05,1018.3333333333334,0.0
2020-07-10 06:40:00+00:00,29.25,47.1,1018.3333333333334,0.0
2020-07-10 06:50:00+00:00,29.35,47.150000000000006,1018.3333333333334,0.0
2020-07-10 07:00:00+00:00,29.35,47.150000000000006,1018.3333333333334,0.0
2020-07-10 07:10:00+00:00,29.35,47.3,1018.3333333333334,0.0
2020-07-10 07:20:00+00:00,29.35,47.4,1018.3333333333334,0.0
2020-07-10 07:30:00+00:00,29.35,47.5,1018.3333333333334,0.0
2020-07-10 07:40:00+00:00,29.4,47.4,1018.3333333333334,0.0
2020-07-10 07:50:00+00:00,29.35,47.3,1018.3333333333334,0.0
2020-07-10 08:00:00+00:00,29.45,47.150000000000006,1018.3333333333334,0.0
2020-07-10 08:10:00+00:00,29.45,46.9,1018.3333333333334,0.0
2020-07-10 08:20:00+00:00,29.5,46.8,1018.3333333333334,0.0
2020-07-10 08:30:00+00:00,29.6,46.8,1018.3333333333334,0.0
2020-07-10 08:40:00+00:00,29.55,46.8,1018.3333333333334,0.0
2020-07-10 08:50:00+00:00,29.7,47.0,1018.3333333333334,0.0
2020-07-10 09:00:00+00:00,30.2,47.1,1018.5,0.0
2020-07-10 09:10:00+00:00,30.9,46.5,1018.4444444444445,0.0
2020-07-10 09:20:00+00:00,31.0,45.6,1018.5,0.0
2020-07-10 09:30:00+00:00,30.8,45.7,1018.5555555555555,0.0
2020-07-10 09:40:00+00:00,30.8,45.4,1018.5,0.0
2020-07-10 09:50:00+00:00,30.6,45.6,1018.5,0.0
2020-07-10 10:00:00+00:00,30.45,45.8,1017.5,0.0
2020-07-10 10:10:00+00:00,30.45,45.9,1017.5,0.0
2020-07-10 10:20:00+00:00,30.5,46.1,1017.5,0.0
2020-07-10 10:30:00+00:00,30.6,46.1,1017.5,0.0
2020-07-10 10:40:00+00:00,30.6,46.1,1017.5,0.0
2020-07-10 10:50:00+00:00,30.7,46.0,1017.5,0.0
2020-07-10 11:00:00+00:00,30.8,46.0,1017.5,0.0
2020-07-10 11:10:00+00:00,30.9,46.0,1017.5,0.0
2020-07-10 11:20:00+00:00,30.95,46.0,1017.5,0.0
2020-07-10 11:30:00+00:00,31.1,45.95,1017.5,0.0
2020-07-10 11:40:00+00:00,31.2,45.9,1017.5,0.0
2020-07-10 11:50:00+00:00,31.55,45.9,1017.4,0.0
2020-07-10 12:00:00+00:00,31.8,45.1,1016.0,1.0
2020-07-10 12:10:00+00:00,31.75,45.3,1016.0,0.0
2020-07-10 12:20:00+00:00,31.75,45.45,1016.0,1.0
2020-07-10 12:30:00+00:00,31.8,45.5,1016.0,1.0
2020-07-10 12:40:00+00:00,31.9,45.45,1016.0,1.0
2020-07-10 12:50:00+00:00,31.9,45.4,1016.0,1.0
2020-07-10 13:00:00+00:00,32.0,45.6,1016.0,1.0
2020-07-10 13:10:00+00:00,32.0,45.5,1016.0,1.0
2020-07-10 13:20:00+00:00,32.0,46.0,1016.0,1.0
2020-07-10 13:30:00+00:00,32.0,46.4,1016.0,0.0
2020-07-10 13:40:00+00:00,32.1,46.1,1016.0,1.0
2020-07-10 13:50:00+00:00,32.5,46.2,1016.5625,1.0
2020-07-10 14:00:00+00:00,33.150000000000006,44.8,1016.4444444444443,0.0
2020-07-10 14:10:00+00:00,32.95,44.5,1016.5,0.0
2020-07-10 14:20:00+00:00,32.8,44.8,1016.5,1.0
2020-07-10 14:30:00+00:00,32.7,45.0,1016.5,1.0
2020-07-10 14:40:00+00:00,32.650000000000006,45.2,1015.5,1.0
2020-07-10 14:50:00+00:00,32.75,45.4,1015.5,1.0
2020-07-10 15:00:00+00:00,32.75,45.5,1015.5,0.0
2020-07-10 15:10:00+00:00,32.75,45.5,1015.5,1.0
2020-07-10 15:20:00+00:00,32.8,45.4,1015.5,1.0
2020-07-10 15:30:00+00:00,32.849999999999994,45.3,1015.5,0.0
2020-07-10 15:40:00+00:00,32.9,45.349999999999994,1015.5,0.0
2020-07-10 15:50:00+00:00,33.0,45.4,1015.5,1.0
2020-07-10 16:00:00+00:00,33.2,45.55,1015.4,0.0
2020-07-10 16:10:00+00:00,33.5,45.1,1015.5625,1.0
2020-07-10 16:20:00+00:00,33.7,44.6,1015.4375,0.0
2020-07-10 16:30:00+00:00,33.6,44.4,1015.5,0.0
2020-07-10 16:40:00+00:00,33.6,44.6,1015.5200000000001,1.0
2020-07-10 16:50:00+00:00,33.8,44.5,1015.5555555555555,1.0
2020-07-10 17:00:00+00:00,33.7,44.5,1015.5,0.0
2020-07-10 17:10:00+00:00,33.6,44.7,1015.5,0.0
2020-07-10 17:20:00+00:00,33.55,44.8,1015.5,1.0
2020-07-10 17:30:00+00:00,33.45,44.849999999999994,1015.5,1.0
2020-07-10 17:40:00+00:00,33.45,45.0,1015.5,1.0
2020-07-10 17:50:00+00:00,33.45,45.0,1015.5,1.0
2020-07-10 18:00:00+00:00,33.45,45.1,1015.5,1.0
2020-07-10 18:10:00+00:00,33.6,44.9,1015.5,1.0
2020-07-10 18:20:00+00:00,33.6,44.6,1015.5,0.0
2020-07-10 18:30:00+00:00,33.55,44.4,1016.5,1.0
2020-07-10 18:40:00+00:00,33.55,44.2,1016.5,1.0
2020-07-10 18:50:00+00:00,33.5,43.6,1016.5,0.0
2020-07-10 19:00:00+00:00,33.55,43.1,1016.5,1.0
2020-07-10 19:10:00+00:00,33.45,42.7,1016.5,1.0
2020-07-10 19:20:00+00:00,33.45,42.6,1016.5,1.0
2020-07-10 19:30:00+00:00,33.45,42.3,1016.5,0.0
2020-07-10 19:40:00+00:00,33.4,42.1,1016.5,0.0
2020-07-10 19:50:00+00:00,33.5,42.4,1016.5,1.0
2020-07-10 20:00:00+00:00,33.45,42.9,1016.5,1.0
2020-07-10 20:10:00+00:00,33.45,43.3,1016.5,1.0
2020-07-10 20:20:00+00:00,33.45,43.5,1016.5,1.0
2020-07-10 20:30:00+00:00,33.45,43.650000000000006,1016.5,1.0
2020-07-10 20:40:00+00:00,33.45,43.9,1016.5,1.0
2020-07-10 20:50:00+00:00,33.45,44.1,1016.5,0.0
2020-07-10 21:00:00+00:00,33.4,43.4,1016.5,0.0
2020-07-10 21:10:00+00:00,33.45,43.1,1016.5,0.0
2020-07-10 21:20:00+00:00,33.4,43.0,1016.5,0.0
2020-07-10 21:30:00+00:00,33.3,42.849999999999994,1016.5,1.0
2020-07-10 21:40:00+00:00,33.2,42.8,1016.5,1.0
2020-07-10 21:50:00+00:00,33.2,42.75,1016.5,1.0
2020-07-10 22:00:00+00:00,33.150000000000006,42.3,1016.5,1.0
2020-07-10 22:10:00+00:00,33.05,41.5,1016.5,1.0
2020-07-10 22:20:00+00:00,33.0,41.1,1016.5,1.0
2020-07-10 22:30:00+00:00,33.05,40.8,1016.5,1.0
2020-07-10 22:40:00+00:00,32.9,40.4,1016.5,1.0
2020-07-10 22:50:00+00:00,32.95,40.2,1016.5,1.0
2020-07-10 23:00:00+00:00,32.849999999999994,39.7,1016.5,1.0
2020-07-10 23:10:00+00:00,32.8,39.6,1016.5,1.0
2020-07-10 23:20:00+00:00,33.1,39.5,1016.5,1.0
2020-07-10 23:30:00+00:00,33.1,39.7,1016.5833333333334,1.0
2020-07-10 23:40:00+00:00,33.2,38.8,1016.5,1.0
2020-07-10 23:50:00+00:00,32.9,38.8,1016.5,1.0
2020-07-11 00:00:00+00:00,32.8,39.1,1016.5,1.0
2020-07-11 00:10:00+00:00,32.9,39.2,1016.46875,1.0
2020-07-11 00:20:00+00:00,32.9,39.1,1016.5,1.0
2020-07-11 00:30:00+00:00,32.7,39.650000000000006,1015.5,1.0
2020-07-11 00:40:00+00:00,32.6,40.349999999999994,1015.5,1.0
2020-07-11 00:50:00+00:00,32.5,40.8,1015.5,1.0
2020-07-11 01:00:00+00:00,32.4,41.6,1015.5,1.0
2020-07-11 01:10:00+00:00,32.2,41.8,1015.5,1.0
2020-07-11 01:20:00+00:00,32.0,41.8,1015.5,1.0
2020-07-11 01:30:00+00:00,31.9,41.8,1015.5,1.0
2020-07-11 01:40:00+00:00,31.85,41.95,1015.5,1.0
2020-07-11 01:50:00+00:00,31.7,42.3,1015.5,1.0
2020-07-11 02:00:00+00:00,31.6,42.4,1015.5,1.0
2020-07-11 02:10:00+00:00,31.65,42.5,1015.5,1.0
2020-07-11 02:20:00+00:00,31.5,42.7,1015.5,1.0
2020-07-11 02:30:00+00:00,31.6,42.8,1015.5,1.0
2020-07-11 02:40:00+00:00,31.65,42.8,1015.5,1.0
2020-07-11 02:50:00+00:00,31.7,42.6,1015.5,1.0
2020-07-11 03:00:00+00:00,31.7,42.2,1015.5,1.0
2020-07-11 03:10:00+00:00,31.7,42.0,1015.5,1.0
2020-07-11 03:20:00+00:00,31.8,42.3,1015.5,1.0
2020-07-11 03:30:00+00:00,31.7,42.4,1016.0,1.0
2020-07-11 03:40:00+00:00,31.6,42.7,1016.0,1.0
2020-07-11 03:50:00+00:00,31.5,42.4,1016.0,1.0
2020-07-11 04:00:00+00:00,31.55,42.5,1016.0,1.0
2020-07-11 04:10:00+00:00,31.4,41.9,1016.0,1.0
2020-07-11 04:20:00+00:00,31.4,41.7,1016.0,1.0
2020-07-11 04:30:00+00:00,31.3,41.7,1016.0,1.0
2020-07-11 04:40:00+00:00,31.2,41.7,1016.0,1.0
2020-07-11 04:50:00+00:00,31.1,42.0,1016.0,1.0
2020-07-11 05:00:00+00:00,31.1,42.4,1016.0,0.0
2020-07-11 05:10:00+00:00,31.15,42.6,1016.0,0.0
2020-07-11 05:20:00+00:00,31.0,43.0,1016.0,0.0
2020-07-11 05:30:00+00:00,31.0,43.2,1016.0,0.0
2020-07-11 05:40:00+00:00,30.9,43.2,1016.0,0.0
2020-07-11 05:50:00+00:00,30.9,43.0,1016.0,0.0
2020-07-11 06:00:00+00:00,30.85,43.0,1016.0,0.0
2020-07-11 06:10:00+00:00,30.8,43.1,1016.0,1.0
2020-07-11 06:20:00+00:00,30.85,43.3,1016.0,1.0
2020-07-11 06:30:00+00:00,30.85,43.8,1016.0,1.0
2020-07-11 06:40:00+00:00,30.85,44.1,1016.0,0.0
2020-07-11 06:50:00+00:00,30.85,44.4,1016.0,1.0
2020-07-11 07:00:00+00:00,30.85,45.1,1016.0,0.0
2020-07-11 07:10:00+00:00,30.85,45.4,1016.0,0.0
2020-07-11 07:20:00+00:00,30.9,45.3,1016.0,1.0
2020-07-11 07:30:00+00:00,30.85,45.5,1016.0,0.0
2020-07-11 07:40:00+00:00,30.85,45.6,1016.0,1.0
2020-07-11 07:50:00+00:00,30.85,45.8,1016.0,1.0
2020-07-11 08:00:00+00:00,30.85,45.8,1016.0,1.0
2020-07-11 08:10:00+00:00,30.85,46.1,1016.0,0.0
2020-07-11 08:20:00+00:00,30.860500000000002,46.3,1016.0,1.0
2020-07-11 08:30:00+00:00,30.9025,46.4,1016.0,1.0
2020-07-11 08:40:00+00:00,30.944499999999998,46.56,1016.0,1.0
2020-07-11 08:50:00+00:00,30.9865,46.72,1016.0,1.0
2020-07-11 09:00:00+00:00,31.0285,46.88,1016.0,1.0
2020-07-11 09:10:00+00:00,31.0705,47.04,1016.0,1.0
2020-07-11 09:20:00+00:00,31.1125,47.2,1016.0,1.0
2020-07-11 09:30:00+00:00,31.1545,47.36,1016.0,0.0
2020-07-11 09:40:00+00:00,31.1965,47.519999999999996,1016.0,1.0
2020-07-11 09:50:00+00:00,31.238500000000002,47.68,1016.0,0.0
2020-07-11 10:00:00+00:00,31.2805,47.84,1016.0,1.0
2020-07-11 10:10:00+00:00,31.322499999999998,48.0,1016.0,1.0
2020-07-11 10:20:00+00:00,31.3645,48.16,1016.0,1.0
2020-07-11 10:30:00+00:00,31.4065,48.32,1016.0,1.0
2020-07-11 10:40:00+00:00,31.418999999999997,48.2,1016.0,0.0
2020-07-11 10:50:00+00:00,31.45,48.4,1015.5,1.0
2020-07-11 11:00:00+00:00,31.45,48.5,1015.5,1.0
2020-07-11 11:10:00+00:00,31.45,48.45,1015.5,1.0
2020-07-11 11:20:00+00:00,31.5,48.4,1015.5,1.0
2020-07-11 11:30:00+00:00,31.55,48.7,1015.5,1.0
2020-07-11 11:40:00+00:00,31.6,49.2,1015.5,1.0
2020-07-11 11:50:00+00:00,31.8,50.1,1015.5,1.0
2020-07-11 12:00:00+00:00,31.9,50.9,1015.5,1.0
2020-07-11 12:10:00+00:00,32.0,51.4,1015.5,0.0
2020-07-11 12:20:00+00:00,32.1,50.8,1015.5,0.0
2020-07-11 12:30:00+00:00,32.4,49.8,1015.375,1.0
2020-07-11 12:40:00+00:00,32.8,48.95,1015.5,0.0
2020-07-11 12:50:00+00:00,32.7,48.2,1015.0,1.0
2020-07-11 13:00:00+00:00,32.650000000000006,48.150000000000006,1015.0,1.0
2020-07-11 13:10:00+00:00,32.650000000000006,47.9,1015.0,0.0
2020-07-11 13:20:00+00:00,32.8,47.8,1015.5,1.0
2020-07-11 13:30:00+00:00,32.8,47.7,1015.5,1.0
2020-07-11 13:40:00+00:00,32.9,47.4,1015.5,1.0
2020-07-11 13:50:00+00:00,33.0,47.2,1015.5,1.0
2020-07-11 14:00:00+00:00,33.05,46.9,1015.5,1.0
2020-07-11 14:10:00+00:00,33.0,47.5,1015.5,0.0
2020-07-11 14:20:00+00:00,32.9,47.9,1015.5,0.0
2020-07-11 14:30:00+00:00,32.95,48.1,1015.5,1.0
2020-07-11 14:40:00+00:00,33.0,48.2,1015.5,0.0
2020-07-11 14:50:00+00:00,32.95,48.4,1015.5,1.0
2020-07-11 15:00:00+00:00,33.05,48.7,1015.5,0.0
2020-07-11 15:10:00+00:00,33.1,48.8,1015.5,0.0
2020-07-11 15:20:00+00:00,33.2,48.4,1015.5,0.0
2020-07-11 15:30:00+00:00,33.4,50.25,1015.5,1.0
2020-07-11 15:40:00+00:00,33.3,51.4,1015.5,0.0
2020-07-11 15:50:00+00:00,33.3,52.2,1015.5,1.0
2020-07-11 16:00:00+00:00,33.349999999999994,52.1,1015.75,1.0
2020-07-11 16:10:00+00:00,33.4,50.7,1015.5,1.0
2020-07-11 16:20:00+00:00,33.4,49.3,1015.5,1.0
2020-07-11 16:30:00+00:00,33.4,49.4,1017.0,1.0
2020-07-11 16:40:00+00:00,33.2,48.8,1017.0,0.0
2020-07-11 16:50:00+00:00,33.5,48.9,1017.6666666666666,1.0
2020-07-11 17:00:00+00:00,33.5,48.9,1017.5,1.0
2020-07-11 17:10:00+00:00,33.3,49.4,1019.0,0.0
2020-07-11 17:20:00+00:00,33.0,50.6,1019.0,1.0
2020-07-11 17:30:00+00:00,32.9,50.8,1019.0,0.0
2020-07-11 17:40:00+00:00,32.7,50.8,1019.0,0.0
2020-07-11 17:50:00+00:00,32.650000000000006,50.8,1019.0,1.0
2020-07-11 18:00:00+00:00,32.5,50.6,1018.5,1.0
2020-07-11 18:10:00+00:00,32.5,50.6,1018.5,0.0
2020-07-11 18:20:00+00:00,32.4,50.5,1019.5,0.0
2020-07-11 18:30:00+00:00,32.3,50.6,1019.5,1.0
2020-07-11 18:40:00+00:00,32.1,50.9,1019.5,0.0
2020-07-11 18:50:00+00:00,31.9,50.9,1019.5,1.0
2020-07-11 19:00:00+00:00,31.9,50.6,1019.5,1.0
2020-07-11 19:10:00+00:00,32.1,50.7,1019.6666666666666,1.0
2020-07-11 19:20:00+00:00,32.1,50.3,1020.5,0.0
2020-07-11 19:30:00+00:00,32.0,50.5,1020.5,0.0
2020-07-11 19:40:00+00:00,31.9,50.6,1020.5,0.0
2020-07-11 19:50:00+00:00,31.8,50.8,1020.5,0.0
2020-07-11 20:00:00+00:00,31.7,50.5,1020.625,1.0
2020-07-11 20:10:00+00:00,31.6,50.4,1020.625,1.0
2020-07-11 20:20:00+00:00,31.5,51.1,1020.625,0.0
2020-07-11 20:30:00+00:00,31.5,51.2,1020.625,1.0
2020-07-11 20:40:00+00:00,31.55,51.0,1020.5,1.0
2020-07-11 20:50:00+00:00,31.4,51.1,1020.5,0.0
2020-07-11 21:00:00+00:00,31.4,51.3,1020.5,0.0
2020-07-11 21:10:00+00:00,31.3,51.45,1020.5,0.0
2020-07-11 21:20:00+00:00,31.2,51.7,1021.5,0.0
2020-07-11 21:30:00+00:00,31.1,51.4,1021.5,1.0
2020-07-11 21:40:00+00:00,31.05,51.5,1021.5,1.0
2020-07-11 21:50:00+00:00,31.0,51.6,1021.5,1.0
2020-07-11 22:00:00+00:00,30.8,51.9,1021.5,0.0
2020-07-11 22:10:00+00:00,30.8,52.2,1021.5,1.0
2020-07-11 22:20:00+00:00,30.7,52.5,1021.5,1.0
2020-07-11 22:30:00+00:00,30.9,53.0,1021.5468749999999,1.0
2020-07-11 22:40:00+00:00,31.3,52.2,1021.46,1.0
2020-07-11 22:50:00+00:00,31.2,52.0,1021.5,1.0
2020-07-11 23:00:00+00:00,31.2,51.7,1021.5555555555555,1.0
2020-07-11 23:10:00+00:00,30.8,51.9,1021.5,1.0
2020-07-11 23:20:00+00:00,30.6,52.5,1021.5,1.0
2020-07-11 23:30:00+00:00,30.4,53.05,1021.5,1.0
2020-07-11 23:40:00+00:00,30.4,53.2,1021.5,1.0
2020-07-11 23:50:00+00:00,30.3,53.3,1021.5,1.0
2020-07-12 00:00:00+00:00,30.1,53.6,1021.5,1.0
2020-07-12 00:10:00+00:00,30.05,53.9,1021.4444444444445,1.0
2020-07-12 00:20:00+00:00,30.3,54.1,1021.6122448979593,1.0
2020-07-12 00:30:00+00:00,30.4,53.7,1021.5,1.0
2020-07-12 00:40:00+00:00,30.2,54.0,1021.5,1.0
2020-07-12 00:50:00+00:00,30.05,54.2,1021.5,1.0
2020-07-12 01:00:00+00:00,29.95,54.3,1021.5,1.0
2020-07-12 01:10:00+00:00,29.95,54.45,1024.5,1.0
2020-07-12 01:20:00+00:00,29.9,54.1,1024.5,1.0
2020-07-12 01:30:00+00:00,29.823,53.918000000000006,1024.5,1.0
2020-07-12 01:40:00+00:00,29.854999999999997,53.93000000000001,1024.5,1.0
2020-07-12 01:50:00+00:00,29.757499999999997,53.81250000000001,1024.5,1.0
2020-07-12 02:00:00+00:00,29.883499999999994,53.91850000000001,1024.5,1.0
2020-07-12 02:10:00+00:00,29.809999999999995,53.82500000000001,1024.5,1.0
2020-07-12 02:20:00+00:00,29.79349999999999,53.78850000000001,1024.5,1.0
2020-07-12 02:30:00+00:00,29.637499999999992,53.61250000000002,1024.5,1.0
2020-07-12 02:40:00+00:00,29.71699999999999,53.672000000000025,1024.5,1.0
2020-07-12 02:50:00+00:00,29.614999999999988,53.550000000000026,1024.5,1.0
2020-07-12 03:00:00+00:00,29.64349999999999,53.55850000000002,1024.5,1.0
2020-07-12 03:10:00+00:00,29.580499999999986,53.475500000000025,1024.5,1.0
2020-07-12 03:20:00+00:00,29.533999999999985,53.409000000000034,1024.5,1.0
2020-07-12 03:30:00+00:00,29.500999999999983,53.35600000000004,1024.5,1.0
2020-07-12 03:40:00+00:00,29.453499999999984,53.28850000000004,1024.5,1.0
2020-07-12 03:50:00+00:00,29.475499999999982,53.29050000000004,1024.5,1.0
2020-07-12 04:00:00+00:00,29.48399999999998,53.27900000000004,1024.5,1.0
2020-07-12 04:10:00+00:00,29.33499999999998,53.11000000000004,1024.5,1.0
2020-07-12 04:20:00+00:00,29.438499999999976,53.19350000000005,1024.5,1.0
2020-07-12 04:30:00+00:00,29.396999999999977,53.132000000000055,1024.5,1.0
2020-07-12 04:40:00+00:00,29.369499999999974,53.084500000000055,1024.5,1.0
2020-07-12 04:50:00+00:00,29.341499999999975,53.03650000000006,1024.5,1.0
2020-07-12 05:00:00+00:00,29.340499999999974,53.01550000000006,1024.5,0.0
2020-07-12 05:10:00+00:00,29.157999999999973,52.81300000000006,1024.5,0.0
2020-07-12 05:20:00+00:00,29.217499999999973,52.85250000000006,1024.5,0.0
2020-07-12 05:30:00+00:00,29.192499999999974,52.80750000000007,1024.5,0.0
2020-07-12 05:40:00+00:00,29.128499999999967,52.72350000000007,1024.5,1.0
2020-07-12 05:50:00+00:00,29.14399999999997,52.71900000000008,1024.5,1.0
2020-07-12 06:00:00+00:00,29.071999999999967,52.62700000000008,1024.5,1.0
2020-07-12 06:10:00+00:00,29.10649999999997,52.64150000000008,1024.5,1.0
2020-07-12 06:20:00+00:00,29.056999999999967,52.57200000000008,1024.5,0.0
2020-07-12 06:30:00+00:00,28.958499999999965,52.45350000000009,1024.5,0.0
2020-07-12 06:40:00+00:00,28.91749999999996,52.39250000000009,1024.5,0.0
2020-07-12 06:50:00+00:00,28.86199999999996,52.31700000000009,1024.5,0.0
2020-07-12 07:00:00+00:00,28.88549999999996,52.320500000000095,1024.5,1.0
2020-07-12 07:10:00+00:00,28.84299999999996,52.258000000000095,1024.5,1.0
2020-07-12 07:20:00+00:00,28.85449999999996,52.2495000000001,1024.5,0.0
2020-07-12 07:30:00+00:00,28.838499999999957,52.2135000000001,1024.5,1.0
2020-07-12 07:40:00+00:00,28.739499999999957,52.09450000000011,1024.5,0.0
2020-07-12 07:50:00+00:00,28.71449999999996,52.04950000000011,1024.5,1.0
2020-07-12 08:00:00+00:00,28.7,52.1,1024.5,1.0
2020-07-12 08:10:00+00:00,28.8,52.25,1024.6399999999999,0.0
2020-07-12 08:20:00+00:00,29.1,51.8,1024.5,1.0
2020-07-12 08:30:00+00:00,29.3,51.5,1024.4999999999998,0.0
2020-07-12 08:40:00+00:00,29.2,51.0,1024.5,0.0
2020-07-12 08:50:00+00:00,28.9,51.5,1024.5,0.0
2020-07-12 09:00:00+00:00,28.9,52.1,1024.625,1.0
2020-07-12 09:10:00+00:00,28.853115384615382,52.18773076923077,1024.5,0.0
2020-07-12 09:20:00+00:00,28.795576923076922,52.26865384615385,1024.5,0.0
2020-07-12 09:30:00+00:00,28.703038461538462,52.31457692307693,1024.5,0.0
2020-07-12 09:40:00+00:00,28.625999999999998,52.37600000000002,1024.5,0.0
2020-07-12 09:50:00+00:00,28.661961538461536,52.550423076923096,1024.5,0.0
2020-07-12 10:00:00+00:00,28.603923076923074,52.63084615384618,1024.5,0.0
2020-07-12 10:10:00+00:00,28.5,52.7,1024.5,0.0
2020-07-12 10:20:00+00:00,28.6,52.6,1024.5555555555557,0.0
2020-07-12 10:30:00+00:00,29.0,51.8,1024.5,0.0
2020-07-12 10:40:00+00:00,28.9,51.6,1023.5,0.0
2020-07-12 10:50:00+00:00,28.8,51.8,1023.5,0.0
2020-07-12 11:00:00+00:00,28.75,51.8,1023.5,0.0
2020-07-12 11:10:00+00:00,28.85,51.849999999999994,1023.5,0.0
2020-07-12 11:20:00+00:00,28.9,51.8,1023.5,0.0
2020-07-12 11:30:00+00:00,28.85,51.75,1023.5,0.0
2020-07-12 11:40:00+00:00,29.0,51.9,1023.5,0.0
2020-07-12 11:50:00+00:00,29.0,52.5,1023.5,0.0
2020-07-12 12:00:00+00:00,29.05,52.6,1023.5,0.0
2020-07-12 12:10:00+00:00,29.2,52.4,1023.5,0.0
2020-07-12 12:20:00+00:00,29.3,51.5,1023.5,0.0
2020-07-12 12:30:00+00:00,29.25,51.0,1023.5,0.0
2020-07-12 12:40:00+00:00,29.4,50.3,1023.5,0.0
2020-07-12 12:50:00+00:00,29.4,49.9,1023.5,0.0
2020-07-12 13:00:00+00:00,29.5,49.4,1023.5,0.0
2020-07-12 13:10:00+00:00,29.6,49.1,1023.5,0.0
2020-07-12 13:20:00+00:00,29.6,48.9,1023.5,0.0
2020-07-12 13:30:00+00:00,29.7,48.4,1023.5,0.0
2020-07-12 13:40:00+00:00,29.75,48.2,1023.5,0.0
2020-07-12 13:50:00+00:00,29.9,47.7,1023.5,0.0
2020-07-12 14:00:00+00:00,29.85,47.4,1023.5,0.0
2020-07-12 14:10:00+00:00,30.0,47.0,1023.5,0.0
2020-07-12 14:20:00+00:00,30.1,46.8,1023.5,0.0
2020-07-12 14:30:00+00:00,30.4,46.5,1023.3055555555555,0.0
2020-07-12 14:40:00+00:00,31.2,45.7,1023.4897959183672,0.0
2020-07-12 14:50:00+00:00,31.4,44.849999999999994,1023.5714285714286,0.0
2020-07-12 15:00:00+00:00,31.3,44.4,1023.25,0.0
2020-07-12 15:10:00+00:00,31.1,44.3,1023.5,0.0
2020-07-12 15:20:00+00:00,30.8,44.1,1023.5,0.0
2020-07-12 15:30:00+00:00,30.65,44.150000000000006,1023.5,0.0
2020-07-12 15:40:00+00:00,30.65,44.0,1023.5,0.0
2020-07-12 15:50:00+00:00,30.6,44.0,1023.5,0.0
2020-07-12 16:00:00+00:00,30.7,44.0,1023.5,0.0
2020-07-12 16:10:00+00:00,30.8,44.3,1023.5,0.0
2020-07-12 16:20:00+00:00,30.8,43.7,1023.5,0.0
2020-07-12 16:30:00+00:00,30.75,43.7,1023.5,0.0
2020-07-12 16:40:00+00:00,30.85,43.6,1023.5,0.0
2020-07-12 16:50:00+00:00,30.85,43.5,1023.5,0.0
2020-07-12 17:00:00+00:00,30.85,43.1,1023.5,0.0
2020-07-12 17:10:00+00:00,30.9,43.1,1023.5,0.0
2020-07-12 17:20:00+00:00,30.85,42.4,1023.5,0.0
2020-07-12 17:30:00+00:00,30.85,41.5,1023.5,0.0
2020-07-12 17:40:00+00:00,30.85,40.9,1023.5,0.0
2020-07-12 17:50:00+00:00,30.85,40.45,1023.5,0.0
2020-07-12 18:00:00+00:00,31.0,40.0,1023.6122448979592,0.0
2020-07-12 18:10:00+00:00,31.4,39.4,1023.5,0.0
2020-07-12 18:20:00+00:00,31.3,39.1,1023.5,0.0
2020-07-12 18:30:00+00:00,31.1,39.3,1023.5,0.0
2020-07-12 18:40:00+00:00,30.9,39.5,1023.5,0.0
2020-07-12 18:50:00+00:00,30.95,39.7,1023.5,0.0
2020-07-12 19:00:00+00:00,30.9,40.1,1024.5625,0.0
2020-07-12 19:10:00+00:00,30.85,40.7,1024.5625,1.0
2020-07-12 19:20:00+00:00,30.8,40.8,1024.5625,1.0
2020-07-12 19:30:00+00:00,30.75,41.1,1024.5625,0.0
2020-07-12 19:40:00+00:00,30.75,41.4,1024.5625,0.0
2020-07-12 19:50:00+00:00,30.75,41.8,1024.5625,0.0
2020-07-12 20:00:00+00:00,30.75,42.0,1024.5625,0.0
2020-07-12 20:10:00+00:00,30.8,42.1,1024.5625,0.0
2020-07-12 20:20:00+00:00,30.9,42.2,1024.5625,0.0
2020-07-12 20:30:00+00:00,31.4,41.6,1024.75,0.0
2020-07-12 20:40:00+00:00,31.3,42.3,1024.5,1.0
2020-07-12 20:50:00+00:00,31.0,43.2,1024.5,0.0
2020-07-12 21:00:00+00:00,30.7,43.9,1024.5,1.0
2020-07-12 21:10:00+00:00,30.7,44.2,1024.5,1.0
2020-07-12 21:20:00+00:00,30.65,44.3,1024.5,1.0
2020-07-12 21:30:00+00:00,30.8,44.4,1024.5,0.0
2020-07-12 21:40:00+00:00,30.7,43.650000000000006,1024.5,0.0
2020-07-12 21:50:00+00:00,30.6,43.9,1024.5,1.0
2020-07-12 22:00:00+00:00,30.4,44.4,1024.5,1.0
2020-07-12 22:10:00+00:00,30.25,44.6,1024.5,1.0
2020-07-12 22:20:00+00:00,30.4,44.8,1024.5,1.0
2020-07-12 22:30:00+00:00,30.3,44.5,1024.5,1.0
2020-07-12 22:40:00+00:00,30.2,44.5,1024.5,1.0
2020-07-12 22:50:00+00:00,30.0,44.6,1024.5,1.0
2020-07-12 23:00:00+00:00,29.9,44.7,1024.5,1.0
2020-07-12 23:10:00+00:00,29.7,44.7,1024.5,1.0
2020-07-12 23:20:00+00:00,29.75,44.6,1024.5,1.0
2020-07-12 23:30:00+00:00,29.6,44.6,1024.5,1.0
2020-07-12 23:40:00+00:00,29.5,44.650000000000006,1024.5,1.0
2020-07-12 23:50:00+00:00,29.45,44.6,1024.5,1.0
2020-07-13 00:00:00+00:00,29.4,44.4,1024.5,1.0
2020-07-13 00:10:00+00:00,29.2,44.4,1024.5,1.0
2020-07-13 00:20:00+00:00,29.1,44.4,1024.5,1.0
2020-07-13 00:30:00+00:00,29.0,44.349999999999994,1024.5,1.0
2020-07-13 00:40:00+00:00,28.9,44.3,1024.5,1.0
2020-07-13 00:50:00+00:00,28.85,44.349999999999994,1024.5,1.0
2020-07-13 01:00:00+00:00,28.8,44.3,1024.5,1.0
2020-07-13 01:10:00+00:00,28.7,44.3,1024.5,1.0
2020-07-13 01:20:00+00:00,28.6,44.150000000000006,1024.5,1.0
2020-07-13 01:30:00+00:00,28.6,44.2,1024.5,1.0
2020-07-13 01:40:00+00:00,28.5,44.2,1024.5,1.0
2020-07-13 01:50:00+00:00,28.55,44.2,1024.5,1.0
2020-07-13 02:00:00+00:00,28.8,43.9,1024.4999999999998,1.0
2020-07-13 02:10:00+00:00,29.1,43.2,1024.625,1.0
2020-07-13 02:20:00+00:00,29.0,43.1,1024.0,1.0
2020-07-13 02:30:00+00:00,28.6,43.3,1024.5,1.0
2020-07-13 02:40:00+00:00,28.4,43.8,1024.5,1.0
2020-07-13 02:50:00+00:00,28.4,43.9,1024.513888888889,1.0
2020-07-13 03:00:00+00:00,29.3,43.7,1024.453125,1.0
2020-07-13 03:10:00+00:00,29.65,42.9,1024.5,1.0
2020-07-13 03:20:00+00:00,29.9,42.2,1024.4693877551022,1.0
2020-07-13 03:30:00+00:00,29.55,41.8,1024.5,1.0
2020-07-13 03:40:00+00:00,29.1,42.3,1024.5,1.0
2020-07-13 03:50:00+00:00,28.8,42.7,1024.5,1.0
2020-07-13 04:00:00+00:00,28.6,43.3,1024.5,1.0
2020-07-13 04:10:00+00:00,28.5,43.5,1024.5,1.0
2020-07-13 04:20:00+00:00,28.45,43.7,1024.5,1.0
2020-07-13 04:30:00+00:00,28.3,44.05,1024.5,1.0
2020-07-13 04:40:00+00:00,28.25,44.1,1024.5,1.0
2020-07-13 04:50:00+00:00,28.2,44.1,1024.5,1.0
2020-07-13 05:00:00+00:00,28.2,44.1,1024.5,1.0
2020-07-13 05:10:00+00:00,28.2,44.5,1024.5,0.0
2020-07-13 05:20:00+00:00,29.0,43.8,1024.5,1.0
2020-07-13 05:30:00+00:00,28.7,43.6,1024.5,1.0
2020-07-13 05:40:00+00:00,28.3,44.4,1024.5,0.0
2020-07-13 05:50:00+00:00,28.2,45.3,1024.5,1.0
2020-07-13 06:00:00+00:00,28.1,45.3,1024.5,1.0
2020-07-13 06:10:00+00:00,28.0,45.4,1024.5,1.0
2020-07-13 06:20:00+00:00,27.95,45.6,1024.5,0.0
2020-07-13 06:30:00+00:00,27.95,45.650000000000006,1024.5,0.0
2020-07-13 06:40:00+00:00,27.95,45.8,1024.5,0.0
2020-07-13 06:50:00+00:00,27.95,45.8,1024.5,1.0
2020-07-13 07:00:00+00:00,27.95,45.849999999999994,1024.5,1.0
2020-07-13 07:10:00+00:00,27.9,45.8,1024.5,1.0
2020-07-13 07:20:00+00:00,27.9,45.7,1024.5,1.0
2020-07-13 07:30:00+00:00,27.85,45.75,1024.5,1.0
2020-07-13 07:40:00+00:00,27.85,45.8,1024.5,0.0
2020-07-13 07:50:00+00:00,27.8,46.0,1024.5,1.0
2020-07-13 08:00:00+00:00,27.75,46.1,1024.5,0.0
2020-07-13 08:10:00+00:00,27.75,46.2,1024.5,1.0
2020-07-13 08:20:00+00:00,27.8,46.3,1024.5,1.0
2020-07-13 08:30:00+00:00,27.9,46.5,1024.5,1.0
2020-07-13 08:40:00+00:00,28.0,46.6,1024.5,1.0
2020-07-13 08:50:00+00:00,28.4,46.4,1024.54,1.0
2020-07-13 09:00:00+00:00,28.9,45.8,1024.375,0.0
2020-07-13 09:10:00+00:00,28.6,44.9,1024.5,0.0
2020-07-13 09:20:00+00:00,28.4,44.9,1023.625,0.0
2020-07-13 09:30:00+00:00,28.25,45.0,1023.625,1.0
2020-07-13 09:40:00+00:00,28.2,45.0,1023.625,0.0
2020-07-13 09:50:00+00:00,28.3,45.1,1023.625,1.0
2020-07-13 10:00:00+00:00,28.25,45.0,1023.625,1.0
2020-07-13 10:10:00+00:00,28.25,44.7,1023.625,0.0
2020-07-13 10:20:00+00:00,28.35,44.05,1023.625,1.0
2020-07-13 10:30:00+00:00,28.4,43.7,1023.625,1.0
2020-07-13 10:40:00+00:00,29.3,42.5,1023.375,1.0
2020-07-13 10:50:00+00:00,29.5,42.2,1023.5,1.0
2020-07-13 11:00:00+00:00,29.5,41.8,1023.5,1.0
2020-07-13 11:10:00+00:00,29.2,42.7,1022.5,0.0
2020-07-13 11:20:00+00:00,29.15,42.8,1022.5,0.0
2020-07-13 11:30:00+00:00,29.15,42.8,1022.5,1.0
2020-07-13 11:40:00+00:00,29.15,42.8,1022.5,1.0
2020-07-13 11:50:00+00:00,29.2,43.3,1022.5,1.0
2020-07-13 12:00:00+00:00,29.3,43.6,1022.5,0.0
2020-07-13 12:10:00+00:00,29.4,43.2,1022.5,1.0
2020-07-13 12:20:00+00:00,30.2,42.2,1022.5,0.0
2020-07-13 12:30:00+00:00,30.4,41.3,1022.5,1.0
2020-07-13 12:40:00+00:00,30.0,41.1,1022.5,1.0
2020-07-13 12:50:00+00:00,29.8,41.2,1021.5,1.0
2020-07-13 13:00:00+00:00,29.8,41.3,1021.5,0.0
2020-07-13 13:10:00+00:00,29.75,41.3,1021.5,0.0
2020-07-13 13:20:00+00:00,29.75,41.2,1021.5,1.0
2020-07-13 13:30:00+00:00,29.75,41.3,1021.5,1.0
2020-07-13 13:40:00+00:00,29.9,41.1,1021.5,1.0
2020-07-13 13:50:00+00:00,30.0,41.0,1021.5,0.0
2020-07-13 14:00:00+00:00,29.95,40.7,1021.5,1.0
2020-07-13 14:10:00+00:00,30.05,40.1,1021.5,1.0
2020-07-13 14:20:00+00:00,30.2,39.8,1021.4444444444445,1.0
2020-07-13 14:30:00+00:00,30.7,38.7,1021.4375,0.0
2020-07-13 14:40:00+00:00,30.5,37.6,1021.5,1.0
2020-07-13 14:50:00+00:00,30.3,37.7,1020.5,1.0
2020-07-13 15:00:00+00:00,30.25,37.5,1020.5,0.0
2020-07-13 15:10:00+00:00,30.15,37.3,1020.5,0.0
2020-07-13 15:20:00+00:00,30.15,37.3,1020.5,1.0
2020-07-13 15:30:00+00:00,30.15,37.4,1020.5,1.0
2020-07-13 15:40:00+00:00,30.25,37.4,1020.5,0.0
2020-07-13 15:50:00+00:00,30.25,37.2,1020.5,1.0
2020-07-13 16:00:00+00:00,30.3,37.2,1020.5,0.0
2020-07-13 16:10:00+00:00,30.4,37.4,1020.5,1.0
2020-07-13 16:20:00+00:00,31.1,36.9,1020.6666666666666,1.0
2020-07-13 16:30:00+00:00,31.3,36.0,1020.5,1.0
2020-07-13 16:40:00+00:00,31.35,35.4,1020.4,1.0
2020-07-13 16:50:00+00:00,31.4,34.6,1020.5612244897959,1.0
2020-07-13 17:00:00+00:00,31.5,34.4,1020.4444444444445,1.0
2020-07-13 17:10:00+00:00,31.5,33.5,1020.4375,0.0
2020-07-13 17:20:00+00:00,31.3,33.2,1020.5555555555557,1.0
2020-07-13 17:30:00+00:00,31.3,33.2,1020.3333333333334,0.0
2020-07-13 17:40:00+00:00,31.1,32.5,1020.5,0.0
2020-07-13 17:50:00+00:00,30.8,32.4,1020.5,0.0
2020-07-13 18:00:00+00:00,30.8,32.4,1020.75,1.0
2020-07-13 18:10:00+00:00,31.1,32.0,1020.5102040816328,1.0
2020-07-13 18:20:00+00:00,31.3,31.7,1020.453125,0.0
2020-07-13 18:30:00+00:00,31.6,31.5,1020.5625,1.0
2020-07-13 18:40:00+00:00,31.7,31.4,1020.6,1.0
2020-07-13 18:50:00+00:00,31.4,31.3,1020.5,1.0
2020-07-13 19:00:00+00:00,31.0,31.6,1020.5,0.0
2020-07-13 19:10:00+00:00,30.8,31.7,1020.5,0.0
2020-07-13 19:20:00+00:00,30.6,31.8,1020.5,0.0
2020-07-13 19:30:00+00:00,30.5,32.2,1020.5,1.0
2020-07-13 19:40:00+00:00,30.55,32.3,1020.5,1.0
2020-07-13 19:50:00+00:00,30.5,32.4,1020.5,1.0
2020-07-13 20:00:00+00:00,30.3,32.7,1020.5,1.0
2020-07-13 20:10:00+00:00,30.2,32.9,1020.5,1.0
2020-07-13 20:20:00+00:00,30.1,33.4,1020.5,0.0
2020-07-13 20:30:00+00:00,30.0,33.5,1020.5,1.0
2020-07-13 20:40:00+00:00,29.9,33.8,1020.5,0.0
2020-07-13 20:50:00+00:00,29.8,34.0,1020.5,0.0
2020-07-13 21:00:00+00:00,29.7,34.5,1020.5,0.0
2020-07-13 21:10:00+00:00,29.7,34.7,1020.5,1.0
2020-07-13 21:20:00+00:00,29.7,35.0,1020.5,0.0
2020-07-13 21:30:00+00:00,29.6,35.1,1020.5,1.0
2020-07-13 21:40:00+00:00,29.4,35.3,1020.5,1.0
2020-07-13 21:50:00+00:00,29.3,35.6,1020.5,1.0
2020-07-13 22:00:00+00:00,29.2,35.7,1020.5,1.0
2020-07-13 22:10:00+00:00,29.1,35.9,1020.5,1.0
2020-07-13 22:20:00+00:00,29.0,35.8,1020.5,1.0
2020-07-13 22:30:00+00:00,28.9,35.8,1020.5,1.0
2020-07-13 22:40:00+00:00,28.8,35.6,1020.5,1.0
2020-07-13 22:50:00+00:00,28.7,35.55,1020.5,1.0
2020-07-13 23:00:00+00:00,28.6,35.7,1020.5,1.0
2020-07-13 23:10:00+00:00,28.7,36.2,1020.5,1.0
2020-07-13 23:20:00+00:00,28.65,36.25,1020.5,1.0
2020-07-13 23:30:00+00:00,28.65,36.150000000000006,1020.5,1.0
2020-07-13 23:40:00+00:00,28.8,36.5,1020.5,1.0
2020-07-13 23:50:00+00:00,29.0,36.5,1020.4444444444443,1.0
2020-07-14 00:00:00+00:00,29.5,36.0,1020.453125,1.0
2020-07-14 00:10:00+00:00,30.0,35.3,1020.4285714285714,1.0
2020-07-14 00:20:00+00:00,30.0,35.2,1020.4489795918367,1.0
2020-07-14 00:30:00+00:00,29.7,35.2,1020.5,1.0
2020-07-14 00:40:00+00:00,29.1,35.8,1021.0,1.0
2020-07-14 00:50:00+00:00,28.9,36.2,1020.0,1.0
2020-07-14 01:00:00+00:00,28.6,36.5,1020.5,1.0
2020-07-14 01:10:00+00:00,28.3,37.0,1020.5,1.0
2020-07-14 01:20:00+00:00,28.3,36.9,1020.5,1.0
2020-07-14 01:30:00+00:00,28.3,36.7,1020.5,1.0
2020-07-14 01:40:00+00:00,28.2,36.6,1019.5,1.0
2020-07-14 01:50:00+00:00,28.15,37.2,1019.5,1.0
2020-07-14 02:00:00+00:00,28.1,37.2,1019.5,1.0
2020-07-14 02:10:00+00:00,28.05,37.150000000000006,1019.5,1.0
2020-07-14 02:20:00+00:00,28.0,37.4,1019.5,1.0
2020-07-14 02:30:00+00:00,28.05,37.6,1019.5,1.0
2020-07-14 02:40:00+00:00,27.9,37.6,1019.5,1.0
2020-07-14 02:50:00+00:00,27.95,37.8,1019.5,1.0
2020-07-14 03:00:00+00:00,27.8,37.7,1019.5,1.0
2020-07-14 03:10:00+00:00,27.85,37.6,1019.5,1.0
2020-07-14 03:20:00+00:00,27.7,37.4,1019.5,1.0
2020-07-14 03:30:00+00:00,27.6,37.4,1019.5,1.0
2020-07-14 03:40:00+00:00,27.6,36.95,1019.5,1.0
2020-07-14 03:50:00+00:00,27.4,36.8,1019.5,1.0
2020-07-14 04:00:00+00:00,27.2,37.1,1019.5,1.0
2020-07-14 04:10:00+00:00,27.1,37.1,1019.5,1.0
2020-07-14 04:20:00+00:00,27.0,37.2,1019.5,1.0
2020-07-14 04:30:00+00:00,26.9,37.3,1019.5,1.0
2020-07-14 04:40:00+00:00,26.8,37.3,1019.5,1.0
2020-07-14 04:50:00+00:00,26.7,37.5,1019.5,1.0
2020-07-14 05:00:00+00:00,26.7,37.6,1019.5,1.0
2020-07-14 05:10:00+00:00,26.6,37.7,1019.5,1.0
2020-07-14 05:20:00+00:00,26.55,37.9,1019.5,0.0
2020-07-14 05:30:00+00:00,26.5,38.0,1019.5,1.0
2020-07-14 05:40:00+00:00,26.5,38.0,1019.5,1.0
2020-07-14 05:50:00+00:00,26.45,37.95,1019.5,1.0
2020-07-14 06:00:00+00:00,26.4,38.0,1019.5,0.0
2020-07-14 06:10:00+00:00,26.45,38.3,1019.5,0.0
2020-07-14 06:20:00+00:00,26.35,38.7,1019.5,1.0
2020-07-14 06:30:00+00:00,26.35,38.8,1019.5,0.0
2020-07-14 06:40:00+00:00,26.35,38.849999999999994,1019.5,1.0
2020-07-14 06:50:00+00:00,26.35,39.0,1019.5,0.0
2020-07-14 07:00:00+00:00,26.35,39.1,1019.5,1.0
2020-07-14 07:10:00+00:00,26.35,39.4,1019.5,0.0
2020-07-14 07:20:00+00:00,26.35,39.9,1019.5,1.0
2020-07-14 07:30:00+00:00,26.35,40.3,1019.5,0.0
2020-07-14 07:40:00+00:00,26.45,40.650000000000006,1019.5,1.0
2020-07-14 07:50:00+00:00,26.45,40.9,1019.5,1.0
2020-07-14 08:00:00+00:00,26.5,40.9,1019.5,1.0
2020-07-14 08:10:00+00:00,26.45,41.0,1019.5,1.0
2020-07-14 08:20:00+00:00,26.5,41.2,1019.5,1.0
2020-07-14 08:30:00+00:00,26.6,41.2,1019.5,0.0
2020-07-14 08:40:00+00:00,26.55,41.2,1019.5,0.0
2020-07-14 08:50:00+00:00,26.7,41.2,1019.5,0.0
2020-07-14 09:00:00+00:00,26.75,41.1,1019.5,0.0
2020-07-14 09:10:00+00:00,26.8,41.1,1019.5,1.0
2020-07-14 09:20:00+00:00,26.9,40.9,1019.5,0.0
2020-07-14 09:30:00+00:00,27.1,40.75,1019.5,1.0
2020-07-14 09:40:00+00:00,27.1,40.8,1019.34375,1.0
2020-07-14 09:50:00+00:00,27.3,40.4,1019.5,0.0
2020-07-14 10:00:00+00:00,27.25,40.3,1018.5,1.0
2020-07-14 10:10:00+00:00,27.3,40.25,1018.5,0.0
2020-07-14 10:20:00+00:00,27.25,40.2,1018.5,0.0
2020-07-14 10:30:00+00:00,27.35,40.25,1018.5,0.0
2020-07-14 10:40:00+00:00,27.4,40.3,1018.5,0.0
2020-07-14 10:50:00+00:00,27.5,40.4,1018.5,0.0
2020-07-14 11:00:00+00:00,27.7,40.2,1018.5,0.0
2020-07-14 11:10:00+00:00,27.65,40.1,1018.5,0.0
2020-07-14 11:20:00+00:00,27.75,40.05,1018.5,0.0
2020-07-14 11:30:00+00:00,27.8,40.05,1018.5,0.0
2020-07-14 11:40:00+00:00,27.9,40.05,1018.5,0.0
2020-07-14 11:50:00+00:00,28.0,40.2,1018.4387755102041,0.0
2020-07-14 12:00:00+00:00,28.6,39.8,1018.25,0.0
2020-07-14 12:10:00+00:00,28.6,39.7,1018.469387755102,0.0
2020-07-14 12:20:00+00:00,28.9,39.3,1018.5,0.0
2020-07-14 12:30:00+00:00,28.6,39.5,1017.5,0.0
2020-07-14 12:40:00+00:00,28.55,39.7,1017.5,0.0
2020-07-14 12:50:00+00:00,28.45,40.6,1017.5,0.0
2020-07-14 13:00:00+00:00,28.4,40.9,1017.5,0.0
2020-07-14 13:10:00+00:00,28.5,41.4,1017.5,0.0
2020-07-14 13:20:00+00:00,28.6,41.4,1017.5,0.0
2020-07-14 13:30:00+00:00,28.8,41.3,1017.5,0.0
2020-07-14 13:40:00+00:00,28.9,40.9,1017.5625,0.0
2020-07-14 13:50:00+00:00,29.4,40.5,1017.34375,0.0
2020-07-14 14:00:00+00:00,29.5,39.3,1017.5,0.0
2020-07-14 14:10:00+00:00,29.2,39.8,1016.5,0.0
2020-07-14 14:20:00+00:00,29.05,40.6,1016.5,0.0
2020-07-14 14:30:00+00:00,29.05,41.0,1016.5,0.0
2020-07-14 14:40:00+00:00,29.2,41.5,1016.5,0.0
2020-07-14 14:50:00+00:00,29.3,41.4,1016.5,0.0
2020-07-14 15:00:00+00:00,29.5,40.9,1016.5,0.0
2020-07-14 15:10:00+00:00,29.7,40.2,1016.5,0.0
2020-07-14 15:20:00+00:00,29.8,39.7,1016.5,0.0
2020-07-14 15:30:00+00:00,29.75,39.4,1016.5,0.0
2020-07-14 15:40:00+00:00,29.9,38.95,1016.5,0.0
2020-07-14 15:50:00+00:00,29.9,38.7,1016.5,0.0
2020-07-14 16:00:00+00:00,29.9,38.6,1016.5,0.0
2020-07-14 16:10:00+00:00,30.2,38.8,1016.3333333333334,0.0
2020-07-14 16:20:00+00:00,30.6,38.3,1016.5,0.0
2020-07-14 16:30:00+00:00,30.5,38.2,1016.5,0.0
2020-07-14 16:40:00+00:00,30.5,38.3,1016.4375,0.0
2020-07-14 16:50:00+00:00,30.9,38.3,1016.36,0.0
2020-07-14 17:00:00+00:00,31.3,37.3,1016.5555555555555,0.0
2020-07-14 17:10:00+00:00,30.9,36.7,1016.5,0.0
2020-07-14 17:20:00+00:00,30.8,36.9,1016.5,0.0
2020-07-14 17:30:00+00:00,30.7,37.0,1016.5,0.0
2020-07-14 17:40:00+00:00,30.55,38.6,1016.5,0.0
2020-07-14 17:50:00+00:00,30.5,39.3,1016.5,0.0
2020-07-14 18:00:00+00:00,30.6,39.9,1016.5,0.0
2020-07-14 18:10:00+00:00,30.7,40.4,1016.5,0.0
2020-07-14 18:20:00+00:00,30.6,40.6,1016.5,0.0
2020-07-14 18:30:00+00:00,30.5,40.95,1016.5,0.0
2020-07-14 18:40:00+00:00,30.45,41.4,1016.5,0.0
2020-07-14 18:50:00+00:00,30.45,41.7,1017.5,0.0
2020-07-14 19:00:00+00:00,30.45,42.0,1017.5,1.0
2020-07-14 19:10:00+00:00,30.5,42.1,1017.5,1.0
2020-07-14 19:20:00+00:00,30.55,38.95,1017.5,0.0
2020-07-14 19:30:00+00:00,30.5,37.0,1017.5,0.0
2020-07-14 19:40:00+00:00,30.6,37.4,1017.5,1.0
2020-07-14 19:50:00+00:00,30.5,37.1,1017.5,1.0
2020-07-14 20:00:00+00:00,30.4,36.7,1017.5,1.0
2020-07-14 20:10:00+00:00,30.4,36.9,1017.5,0.0
2020-07-14 20:20:00+00:00,30.3,37.0,1017.5,1.0
2020-07-14 20:30:00+00:00,30.25,36.9,1017.5,1.0
2020-07-14 20:40:00+00:00,30.2,36.9,1017.5,1.0
2020-07-14 20:50:00+00:00,30.3,36.7,1017.5,1.0
2020-07-14 21:00:00+00:00,30.25,36.3,1017.5,0.0
2020-07-14 21:10:00+00:00,30.3,36.4,1017.5,0.0
2020-07-14 21:20:00+00:00,30.0,37.2,1017.625,1.0
2020-07-14 21:30:00+00:00,29.95,37.4,1017.46875,0.0
2020-07-14 21:40:00+00:00,30.0,37.6,1017.5468749999999,1.0
2020-07-14 21:50:00+00:00,30.1,37.4,1017.46,1.0
2020-07-14 22:00:00+00:00,30.1,37.2,1017.6666666666666,1.0
2020-07-14 22:10:00+00:00,29.9,36.7,1017.5,1.0
2020-07-14 22:20:00+00:00,29.7,36.8,1017.5,1.0
2020-07-14 22:30:00+00:00,29.7,36.8,1017.5,1.0
2020-07-14 22:40:00+00:00,30.0,36.55,1017.5925925925925,1.0
2020-07-14 22:50:00+00:00,30.35,36.2,1017.4074074074074,1.0
2020-07-14 23:00:00+00:00,30.45,35.6,1017.5,1.0
2020-07-14 23:10:00+00:00,30.1,35.4,1017.5,1.0
2020-07-14 23:20:00+00:00,29.7,35.8,1017.5,1.0
2020-07-14 23:30:00+00:00,29.5,35.849999999999994,1017.5,1.0
2020-07-14 23:40:00+00:00,29.3,35.8,1016.0,1.0
2020-07-14 23:50:00+00:00,29.2,35.9,1016.0,1.0
2020-07-15 00:00:00+00:00,29.1,35.9,1016.0,1.0
2020-07-15 00:10:00+00:00,29.0,36.0,1016.0,1.0
2020-07-15 00:20:00+00:00,28.9,36.3,1016.0,1.0
2020-07-15 00:30:00+00:00,28.8,36.5,1016.0,1.0
2020-07-15 00:40:00+00:00,28.8,36.7,1016.0,1.0
2020-07-15 00:50:00+00:00,28.7,36.8,1016.0,1.0
2020-07-15 01:00:00+00:00,28.6,37.0,1016.0,1.0
2020-07-15 01:10:00+00:00,28.6,37.1,1016.0,1.0
2020-07-15 01:20:00+00:00,28.5,37.1,1016.0,1.0
2020-07-15 01:30:00+00:00,28.55,37.3,1016.0,1.0
2020-07-15 01:40:00+00:00,28.45,37.349999999999994,1016.0,1.0
2020-07-15 01:50:00+00:00,28.4,37.3,1016.0,1.0
2020-07-15 02:00:00+00:00,28.45,37.5,1017.0,1.0
2020-07-15 02:10:00+00:00,28.3,37.5,1016.5,1.0
2020-07-15 02:20:00+00:00,28.35,37.5,1016.0,1.0
2020-07-15 02:30:00+00:00,28.4,37.9,1016.5555555555557,1.0
2020-07-15 02:40:00+00:00,28.4,37.8,1016.5,1.0
2020-07-15 02:50:00+00:00,28.3,37.8,1016.5,1.0
2020-07-15 03:00:00+00:00,28.1,38.1,1016.5,1.0
2020-07-15 03:10:00+00:00,28.0,38.4,1017.5,1.0
2020-07-15 03:20:00+00:00,27.9,39.2,1017.5,1.0
2020-07-15 03:30:00+00:00,27.85,39.3,1017.5,1.0
2020-07-15 03:40:00+00:00,27.8,39.0,1017.5,1.0
2020-07-15 03:50:00+00:00,27.5,39.2,1017.5,1.0
2020-07-15 04:00:00+00:00,27.4,39.4,1017.5,1.0
2020-07-15 04:10:00+00:00,27.3,39.45,1017.5,1.0
2020-07-15 04:20:00+00:00,27.1,39.5,1017.5,1.0
2020-07-15 04:30:00+00:00,27.1,39.6,1017.5,1.0
2020-07-15 04:40:00+00:00,27.0,39.8,1017.5,1.0
2020-07-15 04:50:00+00:00,26.9,40.0,1017.5,1.0
2020-07-15 05:00:00+00:00,26.8,40.5,1017.5,0.0
2020-07-15 05:10:00+00:00,26.85,40.7,1017.5,0.0
2020-07-15 05:20:00+00:00,26.7,41.0,1017.5,1.0
2020-07-15 05:30:00+00:00,26.7,41.3,1017.5,1.0
2020-07-15 05:40:00+00:00,26.6,41.45,1017.5,0.0
2020-07-15 05:50:00+00:00,26.7,41.7,1017.5,1.0
2020-07-15 06:00:00+00:00,26.65,41.9,1017.5,0.0
2020-07-15 06:10:00+00:00,26.65,42.2,1017.5,0.0
2020-07-15 06:20:00+00:00,26.65,42.4,1017.5,1.0
2020-07-15 06:30:00+00:00,26.65,42.6,1017.5,1.0
2020-07-15 06:40:00+00:00,26.8,42.7,1017.5,0.0
2020-07-15 06:50:00+00:00,26.75,42.1,1017.5,1.0
2020-07-15 07:00:00+00:00,26.75,41.8,1017.5,0.0
2020-07-15 07:10:00+00:00,26.75,41.55,1017.5,0.0
2020-07-15 07:20:00+00:00,26.9,41.7,1017.5,1.0
2020-07-15 07:30:00+00:00,26.9,42.1,1017.5,1.0
2020-07-15 07:40:00+00:00,26.85,42.2,1017.5,1.0
2020-07-15 07:50:00+00:00,26.95,42.2,1017.5,1.0
2020-07-15 08:00:00+00:00,26.95,42.1,1017.5,1.0
2020-07-15 08:10:00+00:00,26.95,42.1,1017.5,0.0
2020-07-15 08:20:00+00:00,27.0,41.9,1017.5,0.0
2020-07-15 08:30:00+00:00,27.05,41.7,1017.5,0.0
2020-07-15 08:40:00+00:00,27.1,41.6,1017.5,1.0
2020-07-15 08:50:00+00:00,27.1,41.5,1016.0,0.0
2020-07-15 09:00:00+00:00,27.2,41.3,1016.0,1.0
2020-07-15 09:10:00+00:00,27.25,40.6,1016.0,1.0
2020-07-15 09:20:00+00:00,27.3,40.4,1016.0,0.0
2020-07-15 09:30:00+00:00,27.4,40.3,1016.0,0.0
2020-07-15 09:40:00+00:00,27.45,40.1,1016.0,1.0
2020-07-15 09:50:00+00:00,27.5,39.8,1016.0,1.0
2020-07-15 10:00:00+00:00,27.55,39.3,1016.0,1.0
2020-07-15 10:10:00+00:00,27.7,39.1,1016.0,0.0
2020-07-15 10:20:00+00:00,27.7,39.05,1016.0,0.0
2020-07-15 10:30:00+00:00,27.75,38.9,1016.0,0.0
2020-07-15 10:40:00+00:00,27.8,38.9,1016.0,0.0
2020-07-15 10:50:00+00:00,27.9,38.7,1016.0,0.0
2020-07-15 11:00:00+00:00,27.9,38.75,1016.0,0.0
2020-07-15 11:10:00+00:00,28.0,38.75,1016.0,0.0
2020-07-15 11:20:00+00:00,28.4,38.5,1016.53125,0.0
2020-07-15 11:30:00+00:00,28.7,38.2,1016.5,0.0
2020-07-15 11:40:00+00:00,28.7,37.9,1016.5,0.0
2020-07-15 11:50:00+00:00,28.6,38.0,1016.5,0.0
2020-07-15 12:00:00+00:00,28.65,38.0,1016.5,0.0
2020-07-15 12:10:00+00:00,28.65,38.1,1016.5,0.0
2020-07-15 12:20:00+00:00,28.7,38.3,1016.5,0.0
2020-07-15 12:30:00+00:00,28.7,38.6,1016.5,0.0
2020-07-15 12:40:00+00:00,28.8,38.7,1016.5,0.0
2020-07-15 12:50:00+00:00,29.1,39.2,1016.5416666666666,0.0
2020-07-15 13:00:00+00:00,29.4,39.5,1016.5,0.0
2020-07-15 13:10:00+00:00,29.3,39.8,1016.5,0.0
2020-07-15 13:20:00+00:00,29.2,40.2,1016.375,0.0
2020-07-15 13:30:00+00:00,29.25,40.8,1016.375,0.0
2020-07-15 13:40:00+00:00,29.25,41.7,1016.375,0.0
2020-07-15 13:50:00+00:00,29.3,42.2,1016.375,0.0
2020-07-15 14:00:00+00:00,29.25,42.849999999999994,1016.375,0.0
2020-07-15 14:10:00+00:00,29.2,43.8,1016.375,0.0
2020-07-15 14:20:00+00:00,29.3,44.8,1016.375,0.0
2020-07-15 14:30:00+00:00,29.3,44.9,1016.5,0.0
2020-07-15 14:40:00+00:00,29.2,45.3,1016.5,0.0
2020-07-15 14:50:00+00:00,29.15,45.349999999999994,1016.5,0.0
2020-07-15 15:00:00+00:00,29.15,45.3,1016.5,0.0
2020-07-15 15:10:00+00:00,29.15,45.3,1016.5,0.0
2020-07-15 15:20:00+00:00,29.15,45.1,1016.5,0.0
2020-07-15 15:30:00+00:00,29.15,45.1,1016.5,0.0
2020-07-15 15:40:00+00:00,29.15,45.150000000000006,1016.5,0.0
2020-07-15 15:50:00+00:00,29.3,45.0,1016.5,0.0
2020-07-15 16:00:00+00:00,29.3,45.05,1016.5,0.0
2020-07-15 16:10:00+00:00,29.3,44.9,1016.5,0.0
2020-07-15 16:20:00+00:00,29.25,44.9,1016.5,0.0
2020-07-15 16:30:00+00:00,29.25,45.0,1016.5,0.0
2020-07-15 16:40:00+00:00,29.4,45.150000000000006,1016.5,0.0
2020-07-15 16:50:00+00:00,29.4,45.2,1016.5,0.0
2020-07-15 17:00:00+00:00,29.6,44.8,1016.5,0.0
2020-07-15 17:10:00+00:00,29.7,44.6,1016.5,0.0
2020-07-15 17:20:00+00:00,29.75,44.4,1016.5,0.0
2020-07-15 17:30:00+00:00,29.8,44.4,1016.5,0.0
2020-07-15 17:40:00+00:00,29.85,44.45,1016.5,0.0
2020-07-15 17:50:00+00:00,29.85,44.3,1016.5,0.0
2020-07-15 18:00:00+00:00,29.85,44.2,1016.5,0.0
2020-07-15 18:10:00+00:00,29.75,44.150000000000006,1016.5,0.0
2020-07-15 18:20:00+00:00,29.7,44.0,1016.5,0.0
2020-07-15 18:30:00+00:00,29.7,43.7,1016.5,0.0
2020-07-15 18:40:00+00:00,29.65,43.4,1016.5,0.0
2020-07-15 18:50:00+00:00,29.75,43.8,1016.5,0.0
2020-07-15 19:00:00+00:00,29.6,43.9,1016.5,0.0
2020-07-15 19:10:00+00:00,29.65,44.1,1016.5,1.0
2020-07-15 19:20:00+00:00,29.7,44.6,1016.5,1.0
2020-07-15 19:30:00+00:00,30.0,44.75,1016.5061728395061,1.0
2020-07-15 19:40:00+00:00,30.2,43.650000000000006,1016.5,0.0
2020-07-15 19:50:00+00:00,29.9,43.6,1017.5,1.0
2020-07-15 20:00:00+00:00,29.7,44.0,1017.5,1.0
2020-07-15 20:10:00+00:00,29.5,44.3,1017.5,1.0
2020-07-15 20:20:00+00:00,29.4,44.7,1017.5,1.0
2020-07-15 20:30:00+00:00,29.4,45.1,1017.5,0.0
2020-07-15 20:40:00+00:00,29.3,45.3,1017.5,1.0
2020-07-15 20:50:00+00:00,29.35,45.3,1017.5,1.0
2020-07-15 21:00:00+00:00,29.35,45.2,1017.5,0.0
2020-07-15 21:10:00+00:00,29.25,45.3,1017.5,1.0
2020-07-15 21:20:00+00:00,29.2,45.5,1017.5,1.0
2020-07-15 21:30:00+00:00,29.05,45.6,1017.5,1.0
2020-07-15 21:40:00+00:00,29.0,45.6,1017.5,1.0
2020-07-15 21:50:00+00:00,28.9,45.7,1017.5,0.0
2020-07-15 22:00:00+00:00,29.0,46.2,1017.5,0.0
2020-07-15 22:10:00+00:00,29.1,46.849999999999994,1017.5,1.0
2020-07-15 22:20:00+00:00,29.1,47.0,1017.5,1.0
2020-07-15 22:30:00+00:00,29.0,47.2,1017.5,1.0
2020-07-15 22:40:00+00:00,29.05,47.4,1017.5,1.0
2020-07-15 22:50:00+00:00,28.95,47.8,1017.5,1.0
2020-07-15 23:00:00+00:00,29.1,47.9,1017.5,1.0
2020-07-15 23:10:00+00:00,29.1,47.9,1017.5,1.0
2020-07-15 23:20:00+00:00,29.1,47.3,1017.5,1.0
2020-07-15 23:30:00+00:00,28.9,47.0,1017.5,1.0
2020-07-15 23:40:00+00:00,28.9,46.8,1017.5,1.0
2020-07-15 23:50:00+00:00,28.8,46.5,1017.5,1.0
2020-07-16 00:00:00+00:00,28.7,46.5,1017.5,1.0
2020-07-16 00:10:00+00:00,28.7,46.2,1017.5,1.0
2020-07-16 00:20:00+00:00,28.75,46.1,1017.5,1.0
2020-07-16 00:30:00+00:00,28.65,46.2,1017.5,1.0
2020-07-16 00:40:00+00:00,28.6,46.1,1017.5,1.0
2020-07-16 00:50:00+00:00,28.65,46.2,1017.5,1.0
2020-07-16 01:00:00+00:00,28.55,46.25,1017.5,1.0
2020-07-16 01:10:00+00:00,28.5,46.4,1017.5,1.0
2020-07-16 01:20:00+00:00,28.45,46.4,1017.5,1.0
2020-07-16 01:30:00+00:00,28.4,46.5,1017.5,1.0
2020-07-16 01:40:00+00:00,28.4,46.6,1017.5,1.0
2020-07-16 01:50:00+00:00,28.3,46.7,1017.5,1.0
2020-07-16 02:00:00+00:00,28.2,46.9,1017.5,1.0
2020-07-16 02:10:00+00:00,28.15,47.3,1017.5,1.0
2020-07-16 02:20:00+00:00,28.1,47.3,1017.5,1.0
2020-07-16 02:30:00+00:00,28.0,47.5,1017.5,1.0
2020-07-16 02:40:00+00:00,28.0,47.8,1017.5,1.0
2020-07-16 02:50:00+00:00,27.9,48.0,1017.5,1.0
2020-07-16 03:00:00+00:00,27.9,48.05,1017.5,1.0
2020-07-16 03:10:00+00:00,27.85,48.1,1017.5,1.0
2020-07-16 03:20:00+00:00,28.0,48.0,1017.5,1.0
2020-07-16 03:30:00+00:00,27.9,47.8,1017.25,1.0
2020-07-16 03:40:00+00:00,28.0,47.9,1017.4444444444443,1.0
2020-07-16 03:50:00+00:00,28.4,47.4,1017.5078125,1.0
2020-07-16 04:00:00+00:00,28.4,46.8,1017.5,1.0
2020-07-16 04:10:00+00:00,28.1,47.0,1017.5,0.0
2020-07-16 04:20:00+00:00,27.8,47.45,1017.5,0.0
2020-07-16 04:30:00+00:00,27.6,47.8,1018.5,0.0
2020-07-16 04:40:00+00:00,27.4,48.1,1018.5,0.0
2020-07-16 04:50:00+00:00,27.3,48.3,1018.5,0.0
2020-07-16 05:00:00+00:00,27.2,48.5,1018.5,0.0
2020-07-16 05:10:00+00:00,27.25,48.7,1018.5,0.0
2020-07-16 05:20:00+00:00,27.15,48.8,1018.5,0.0
2020-07-16 05:30:00+00:00,27.1,49.0,1018.5,0.0
2020-07-16 05:40:00+00:00,27.05,49.0,1018.5,0.0
2020-07-16 05:50:00+00:00,27.05,49.2,1018.5,0.0
2020-07-16 06:00:00+00:00,27.0,49.2,1018.5,0.0
2020-07-16 06:10:00+00:00,27.05,49.3,1018.5,0.0
2020-07-16 06:20:00+00:00,26.95,49.1,1018.5,0.0
2020-07-16 06:30:00+00:00,26.9,49.0,1018.5,0.0
2020-07-16 06:40:00+00:00,26.95,49.0,1018.5,0.0
2020-07-16 06:50:00+00:00,27.0,49.0,1018.5,0.0
2020-07-16 07:00:00+00:00,26.95,48.9,1018.5,0.0
2020-07-16 07:10:00+00:00,26.95,48.7,1018.5,0.0
2020-07-16 07:20:00+00:00,27.0,48.6,1018.5,0.0
2020-07-16 07:30:00+00:00,26.9,48.4,1018.5,0.0
2020-07-16 07:40:00+00:00,27.0,48.5,1018.5,0.0
2020-07-16 07:50:00+00:00,27.05,48.4,1018.5,0.0
2020-07-16 08:00:00+00:00,27.2,48.5,1018.5555555555555,0.0
2020-07-16 08:10:00+00:00,27.5,48.7,1018.5200000000001,0.0
2020-07-16 08:20:00+00:00,27.6,47.6,1018.5,0.0
2020-07-16 08:30:00+00:00,27.4,47.7,1018.5,0.0
2020-07-16 08:40:00+00:00,27.4,47.9,1018.375,0.0
2020-07-16 08:50:00+00:00,27.7,47.7,1018.5,0.0
2020-07-16 09:00:00+00:00,27.9,47.7,1018.5555555555557,0.0
2020-07-16 09:10:00+00:00,28.2,47.3,1018.4285714285714,0.0
2020-07-16 09:20:00+00:00,28.5,46.9,1018.4444444444445,0.0
2020-07-16 09:30:00+00:00,28.2,46.7,1018.5,0.0
2020-07-16 09:40:00+00:00,28.0,47.4,1018.5,0.0
2020-07-16 09:50:00+00:00,27.9,48.0,1018.5,0.0
2020-07-16 10:00:00+00:00,28.0,48.1,1018.5,0.0
2020-07-16 10:10:00+00:00,28.15,48.2,1018.5,0.0
2020-07-16 10:20:00+00:00,28.15,48.1,1018.5,0.0
2020-07-16 10:30:00+00:00,28.1,47.9,1017.5,0.0
2020-07-16 10:40:00+00:00,28.2,47.8,1017.5,0.0
2020-07-16 10:50:00+00:00,28.15,47.6,1017.5,0.0
2020-07-16 11:00:00+00:00,28.15,47.4,1017.5,0.0
2020-07-16 11:10:00+00:00,28.15,47.5,1017.5,0.0
2020-07-16 11:20:00+00:00,28.3,47.4,1017.5,0.0
2020-07-16 11:30:00+00:00,28.3,47.1,1017.5,0.0
2020-07-16 11:40:00+00:00,28.6,46.5,1017.375,0.0
2020-07-16 11:50:00+00:00,28.65,46.1,1016.5,0.0
2020-07-16 12:00:00+00:00,28.7,45.8,1016.5,1.0
2020-07-16 12:10:00+00:00,28.65,45.5,1016.5,0.0
2020-07-16 12:20:00+00:00,28.75,45.2,1016.5,1.0
2020-07-16 12:30:00+00:00,28.8,45.25,1016.5,1.0
2020-07-16 12:40:00+00:00,28.9,45.1,1016.5,0.0
2020-07-16 12:50:00+00:00,28.9,44.8,1016.5,0.0
2020-07-16 13:00:00+00:00,29.0,44.650000000000006,1016.5,1.0
2020-07-16 13:10:00+00:00,29.8,44.349999999999994,1016.4583333333334,1.0
2020-07-16 13:20:00+00:00,30.1,43.2,1016.5,0.0
2020-07-16 13:30:00+00:00,29.8,43.2,1015.5,1.0
2020-07-16 13:40:00+00:00,29.6,43.2,1015.5,1.0
2020-07-16 13:50:00+00:00,29.55,43.1,1015.5,1.0
2020-07-16 14:00:00+00:00,29.65,43.2,1015.5,1.0
2020-07-16 14:10:00+00:00,29.7,43.2,1015.5,1.0
2020-07-16 14:20:00+00:00,29.8,42.8,1015.5,0.0
2020-07-16 14:30:00+00:00,29.8,43.150000000000006,1015.5,0.0
2020-07-16 14:40:00+00:00,30.0,43.5,1015.5,0.0
2020-07-16 14:50:00+00:00,30.1,43.4,1015.5,0.0
2020-07-16 15:00:00+00:00,30.3,43.2,1015.5,1.0
2020-07-16 15:10:00+00:00,30.75,43.3,1015.3333333333334,1.0
2020-07-16 15:20:00+00:00,30.8,42.3,1015.5,0.0
2020-07-16 15:30:00+00:00,30.75,42.5,1015.5,1.0
2020-07-16 15:40:00+00:00,30.8,42.7,1015.5,0.0
2020-07-16 15:50:00+00:00,30.8,42.849999999999994,1015.5,0.0
2020-07-16 16:00:00+00:00,30.85,42.849999999999994,1015.5,1.0
2020-07-16 16:10:00+00:00,30.9,42.7,1015.5,0.0
2020-07-16 16:20:00+00:00,31.0,42.4,1015.5,1.0
2020-07-16 16:30:00+00:00,30.95,42.3,1015.5,1.0
2020-07-16 16:40:00+00:00,31.1,42.4,1015.5,0.0
2020-07-16 16:50:00+00:00,31.05,42.4,1015.5,1.0
2020-07-16 17:00:00+00:00,31.15,42.1,1015.5,0.0
2020-07-16 17:10:00+00:00,31.15,41.8,1015.5,1.0
2020-07-16 17:20:00+00:00,31.15,41.8,1015.5,1.0
2020-07-16 17:30:00+00:00,31.2,41.8,1015.5,0.0
2020-07-16 17:40:00+00:00,31.15,41.6,1015.5,1.0
2020-07-16 17:50:00+00:00,31.15,41.5,1015.5,1.0
2020-07-16 18:00:00+00:00,31.15,41.4,1015.5,0.0
2020-07-16 18:10:00+00:00,31.15,41.3,1015.5,0.0
2020-07-16 18:20:00+00:00,31.1,41.1,1015.5,1.0
2020-07-16 18:30:00+00:00,31.1,41.0,1015.5,1.0
2020-07-16 18:40:00+00:00,31.2,41.1,1015.5,1.0
2020-07-16 18:50:00+00:00,31.15,41.4,1015.5,1.0
2020-07-16 19:00:00+00:00,31.15,41.849999999999994,1015.5,0.0
2020-07-16 19:10:00+00:00,31.15,42.5,1015.5,1.0
2020-07-16 19:20:00+00:00,31.5,42.9,1015.625,0.0
2020-07-16 19:30:00+00:00,31.5,42.8,1015.5,0.0
2020-07-16 19:40:00+00:00,31.3,43.5,1015.5,1.0
2020-07-16 19:50:00+00:00,31.1,43.7,1015.5,1.0
2020-07-16 20:00:00+00:00,31.0,44.0,1015.5,1.0
2020-07-16 20:10:00+00:00,31.0,44.25,1015.5,1.0
2020-07-16 20:20:00+00:00,30.95,44.4,1015.5,0.0
2020-07-16 20:30:00+00:00,30.8,44.4,1015.5,0.0
2020-07-16 20:40:00+00:00,30.7,44.4,1015.5,0.0
2020-07-16 20:50:00+00:00,30.7,44.7,1015.5,1.0
2020-07-16 21:00:00+00:00,30.6,45.1,1015.5,0.0
2020-07-16 21:10:00+00:00,30.5,45.25,1015.5,1.0
2020-07-16 21:20:00+00:00,30.5,45.4,1015.5,0.0
2020-07-16 21:30:00+00:00,30.4,45.6,1015.5,1.0
2020-07-16 21:40:00+00:00,30.4,45.8,1015.5,1.0
2020-07-16 21:50:00+00:00,30.4,46.1,1015.5,1.0
2020-07-16 22:00:00+00:00,30.35,46.3,1015.5,1.0
2020-07-16 22:10:00+00:00,30.3,46.5,1015.5,1.0
2020-07-16 22:20:00+00:00,30.35,46.7,1015.5,1.0
2020-07-16 22:30:00+00:00,30.4,46.9,1015.5,1.0
2020-07-16 22:40:00+00:00,30.4,47.2,1015.4,1.0
2020-07-16 22:50:00+00:00,30.9,46.4,1015.5,1.0
2020-07-16 23:00:00+00:00,30.6,46.4,1016.0,1.0
2020-07-16 23:10:00+00:00,30.3,46.8,1016.0,1.0
2020-07-16 23:20:00+00:00,30.1,47.0,1016.0,1.0
2020-07-16 23:30:00+00:00,29.9,47.1,1016.0,1.0
2020-07-16 23:40:00+00:00,29.9,47.3,1016.0,1.0
2020-07-16 23:50:00+00:00,29.8,47.4,1016.0,1.0
2020-07-17 00:00:00+00:00,29.75,47.5,1016.0,1.0
2020-07-17 00:10:00+00:00,29.6,47.5,1016.0,1.0
2020-07-17 00:20:00+00:00,29.5,47.6,1016.0,1.0
2020-07-17 00:30:00+00:00,29.55,47.7,1016.0,1.0
2020-07-17 00:40:00+00:00,29.4,47.8,1016.0,1.0
2020-07-17 00:50:00+00:00,29.3,48.0,1016.0,1.0
2020-07-17 01:00:00+00:00,29.2,48.2,1016.0,1.0
2020-07-17 01:10:00+00:00,29.2,48.4,1016.0,1.0
2020-07-17 01:20:00+00:00,29.1,48.6,1016.0,1.0
2020-07-17 01:30:00+00:00,29.0,48.8,1016.0,1.0
2020-07-17 01:40:00+00:00,29.0,49.0,1016.0,1.0
2020-07-17 01:50:00+00:00,28.95,49.2,1016.0,1.0
2020-07-17 02:00:00+00:00,28.8,49.4,1016.0,1.0
2020-07-17 02:10:00+00:00,28.75,50.5,1016.0,1.0
2020-07-17 02:20:00+00:00,28.7,51.1,1016.0,1.0
2020-07-17 02:30:00+00:00,28.65,51.7,1016.0,1.0
2020-07-17 02:40:00+00:00,28.6,51.6,1016.0,1.0
2020-07-17 02:50:00+00:00,28.5,51.5,1016.0,1.0
2020-07-17 03:00:00+00:00,28.5,51.9,1016.0,1.0
2020-07-17 03:10:00+00:00,28.45,52.0,1016.0,1.0
2020-07-17 03:20:00+00:00,28.3,52.3,1016.0,1.0
2020-07-17 03:30:00+00:00,28.2,53.0,1016.0,1.0
2020-07-17 03:40:00+00:00,28.25,53.4,1016.0,1.0
2020-07-17 03:50:00+00:00,28.25,54.1,1016.0,1.0
2020-07-17 04:00:00+00:00,28.15,54.7,1016.0,1.0
2020-07-17 04:10:00+00:00,28.15,55.3,1016.0,0.0
2020-07-17 04:20:00+00:00,28.1,55.5,1016.0,0.0
2020-07-17 04:30:00+00:00,28.3,55.7,1015.5,0.0
2020-07-17 04:40:00+00:00,28.4,55.2,1015.5,0.0
2020-07-17 04:50:00+00:00,28.2,55.3,1015.5,0.0
2020-07-17 05:00:00+00:00,28.1,55.4,1015.5,0.0
2020-07-17 05:10:00+00:00,27.9,55.6,1015.5,0.0
2020-07-17 05:20:00+00:00,27.95,55.8,1015.5,0.0
2020-07-17 05:30:00+00:00,27.8,56.2,1015.5,0.0
2020-07-17 05:40:00+00:00,27.8,56.5,1016.6666666666666,0.0
2020-07-17 05:50:00+00:00,27.7,57.0,1016.6666666666666,0.0
2020-07-17 06:00:00+00:00,27.75,57.3,1016.6666666666666,0.0
2020-07-17 06:10:00+00:00,27.75,57.6,1016.6666666666666,0.0
2020-07-17 06:20:00+00:00,27.75,57.7,1016.6666666666666,0.0
2020-07-17 06:30:00+00:00,27.75,57.8,1016.6666666666666,0.0
2020-07-17 06:40:00+00:00,27.75,57.9,1016.6666666666666,0.0
2020-07-17 06:50:00+00:00,27.75,58.1,1016.6666666666666,0.0
2020-07-17 07:00:00+00:00,27.8,58.0,1016.6666666666666,0.0
2020-07-17 07:10:00+00:00,28.0,57.3,1016.5,0.0
2020-07-17 07:20:00+00:00,27.85,56.1,1017.5,0.0
2020-07-17 07:30:00+00:00,27.8,54.9,1017.5,0.0
2020-07-17 07:40:00+00:00,27.7,54.6,1017.5,0.0
2020-07-17 07:50:00+00:00,27.65,54.2,1017.5,0.0
2020-07-17 08:00:00+00:00,27.65,54.150000000000006,1017.5,0.0
2020-07-17 08:10:00+00:00,27.65,54.849999999999994,1017.5,0.0
2020-07-17 08:20:00+00:00,27.65,56.8,1017.5,0.0
2020-07-17 08:30:00+00:00,27.8,57.5,1017.5,0.0
2020-07-17 08:40:00+00:00,27.75,57.2,1017.5,0.0
2020-07-17 08:50:00+00:00,27.9,57.2,1017.5,0.0
2020-07-17 09:00:00+00:00,28.8,56.6,1017.71875,0.0
2020-07-17 09:10:00+00:00,29.3,55.1,1017.34375,0.0
2020-07-17 09:20:00+00:00,29.2,54.6,1017.6111111111112,0.0
2020-07-17 09:30:00+00:00,29.2,54.2,1017.5,0.0
2020-07-17 09:40:00+00:00,28.8,54.5,1017.5,0.0
2020-07-17 09:50:00+00:00,28.6,55.1,1017.5,0.0
2020-07-17 10:00:00+00:00,28.5,55.3,1017.5,0.0
2020-07-17 10:10:00+00:00,28.4,55.6,1017.5,0.0
2020-07-17 10:20:00+00:00,28.4,55.7,1017.5,0.0
2020-07-17 10:30:00+00:00,28.45,55.6,1017.5,0.0
2020-07-17 10:40:00+00:00,28.5,55.6,1017.5,0.0
2020-07-17 10:50:00+00:00,28.5,55.7,1017.5,0.0
2020-07-17 11:00:00+00:00,28.5,55.75,1017.5,0.0
2020-07-17 11:10:00+00:00,28.5,55.8,1017.5,0.0
2020-07-17 11:20:00+00:00,28.5,55.75,1017.5,0.0
2020-07-17 11:30:00+00:00,28.5,55.7,1017.5,0.0
2020-07-17 11:40:00+00:00,28.45,55.6,1017.5,0.0
2020-07-17 11:50:00+00:00,28.55,55.5,1017.5,0.0
2020-07-17 12:00:00+00:00,28.55,55.4,1017.5,1.0
2020-07-17 12:10:00+00:00,28.6,55.5,1017.5,0.0
2020-07-17 12:20:00+00:00,28.55,55.5,1017.5,1.0
2020-07-17 12:30:00+00:00,28.65,55.3,1017.5,1.0
